second,timestamp_hhmmss,label,class,confidence,bbox,frame
6,00:00:06,Frazier,1,0.759099,"[0.709384, 0.452936, 0.0428007, 0.189189]",206
7,00:00:07,Frazier,1,0.704474,"[0.713626, 0.447526, 0.0389451, 0.194187]",213
8,00:00:08,Frazier,1,0.868731,"[0.708856, 0.462233, 0.0419601, 0.158229]",261
9,00:00:09,Frazier,1,0.800317,"[0.709957, 0.460804, 0.0413466, 0.163645]",298
10,00:00:10,Frazier,1,0.78546,"[0.710428, 0.46162, 0.0415031, 0.161229]",300
11,00:00:11,Frazier,1,0.855872,"[0.710888, 0.469571, 0.0412556, 0.144286]",338
12,00:00:12,Frazier,1,0.833015,"[0.670427, 0.488954, 0.11335, 0.129584]",380
13,00:00:13,Frazier,1,0.731811,"[0.680494, 0.472534, 0.100478, 0.136466]",390
14,00:00:14,Frazier,1,0.828502,"[0.736314, 0.4342, 0.033683, 0.209635]",431
15,00:00:15,Frazier,1,0.81136,"[0.709746, 0.470211, 0.0403667, 0.14727]",473
16,00:00:16,Frazier,1,0.85013,"[0.690988, 0.466569, 0.0794123, 0.144822]",497
17,00:00:17,Frazier,1,0.748155,"[0.681874, 0.483574, 0.0990836, 0.13024]",531
18,00:00:18,Frazier,1,0.81218,"[0.689714, 0.462022, 0.0806765, 0.143067]",548
19,00:00:19,Frazier,1,0.769165,"[0.684924, 0.45502, 0.0888751, 0.155834]",599
20,00:00:20,Frazier,1,0.8461,"[0.684114, 0.474526, 0.0924055, 0.131146]",612
21,00:00:21,Frazier,1,0.769688,"[0.676875, 0.483993, 0.104725, 0.122829]",649
22,00:00:22,Frazier,1,0.775219,"[0.67736, 0.481389, 0.102187, 0.119846]",668
23,00:00:23,Frazier,1,0.858916,"[0.685945, 0.463668, 0.0843562, 0.150991]",706
24,00:00:24,Frazier,1,0.806603,"[0.680266, 0.480348, 0.0980616, 0.131564]",747
25,00:00:25,Frazier,1,0.764885,"[0.671907, 0.492728, 0.112227, 0.0976578]",758
26,00:00:26,Frazier,1,0.851026,"[0.670994, 0.486349, 0.114842, 0.125411]",797
27,00:00:27,Frazier,1,0.713322,"[0.712341, 0.472655, 0.0387803, 0.142916]",822
28,00:00:28,Frazier,1,0.776048,"[0.694769, 0.473128, 0.0662371, 0.146853]",868
29,00:00:29,Frazier,1,0.730496,"[0.695086, 0.472838, 0.0659342, 0.147443]",870
30,00:00:30,Frazier,1,0.729262,"[0.708629, 0.467834, 0.0438259, 0.151859]",917
38,00:00:38,Forceps,2,0.915013,"[0.664945, 0.469747, 0.123853, 0.137386]",1168
39,00:00:39,Forceps,2,0.899978,"[0.666503, 0.472258, 0.122503, 0.137804]",1171
40,00:00:40,Forceps,2,0.895419,"[0.684091, 0.479308, 0.090412, 0.128801]",1226
41,00:00:41,Forceps,2,0.936875,"[0.686143, 0.476022, 0.0859055, 0.134565]",1238
42,00:00:42,Forceps,2,0.871146,"[0.667316, 0.481129, 0.124986, 0.138908]",1276
54,00:00:54,Bovie,0,0.88435,"[0.641504, 0.423074, 0.170702, 0.249883]",1648
55,00:00:55,Bovie,0,0.946957,"[0.668967, 0.402001, 0.113483, 0.297778]",1671
56,00:00:56,Bovie,0,0.894839,"[0.673145, 0.41408, 0.103321, 0.287434]",1708
57,00:00:57,Bovie,0,0.91237,"[0.679455, 0.40404, 0.0838278, 0.302753]",1731
58,00:00:58,Bovie,0,0.904222,"[0.67612, 0.412881, 0.0902269, 0.29424]",1740
59,00:00:59,Bovie,0,0.875975,"[0.672576, 0.415784, 0.101327, 0.278849]",1788
60,00:01:00,Bovie,0,0.899205,"[0.671239, 0.414738, 0.105208, 0.275455]",1820
61,00:01:01,Bovie,0,0.89886,"[0.678535, 0.406671, 0.093568, 0.299391]",1859
62,00:01:02,Bovie,0,0.949476,"[0.685632, 0.400056, 0.0824547, 0.300588]",1884
63,00:01:03,Bovie,0,0.938746,"[0.682054, 0.404314, 0.0899998, 0.297173]",1896
64,00:01:04,Bovie,0,0.920199,"[0.677745, 0.407743, 0.0972107, 0.298767]",1926
65,00:01:05,Bovie,0,0.919047,"[0.678664, 0.406983, 0.0963305, 0.293741]",1951
66,00:01:06,Bovie,0,0.948786,"[0.683326, 0.392288, 0.0897898, 0.312641]",1999
67,00:01:07,Bovie,0,0.93249,"[0.692139, 0.394361, 0.0749476, 0.315555]",2022
68,00:01:08,Bovie,0,0.933979,"[0.691446, 0.397552, 0.0771793, 0.304492]",2060
69,00:01:09,Bovie,0,0.9487,"[0.683749, 0.398722, 0.0910257, 0.304281]",2098
70,00:01:10,Bovie,0,0.950613,"[0.686269, 0.399133, 0.0857288, 0.297628]",2128
71,00:01:11,Bovie,0,0.950185,"[0.686458, 0.399882, 0.0851933, 0.29705]",2130
72,00:01:12,Bovie,0,0.918769,"[0.694681, 0.392154, 0.0764382, 0.312587]",2160
73,00:01:13,Bovie,0,0.923934,"[0.694606, 0.39529, 0.0745752, 0.30791]",2192
74,00:01:14,Bovie,0,0.921523,"[0.694875, 0.395025, 0.0743818, 0.307719]",2238
75,00:01:15,Bovie,0,0.92403,"[0.694999, 0.394349, 0.074062, 0.308124]",2254
76,00:01:16,Bovie,0,0.928624,"[0.694499, 0.396185, 0.0732086, 0.304894]",2299
77,00:01:17,Bovie,0,0.926183,"[0.694905, 0.397528, 0.0723227, 0.304248]",2312
78,00:01:18,Bovie,0,0.949569,"[0.687352, 0.4012, 0.085075, 0.289438]",2360
79,00:01:19,Bovie,0,0.952222,"[0.684295, 0.403496, 0.0894268, 0.286021]",2382
80,00:01:20,Bovie,0,0.953566,"[0.684081, 0.402147, 0.0885938, 0.290971]",2402
81,00:01:21,Bovie,0,0.946391,"[0.687115, 0.403576, 0.085577, 0.288794]",2459
82,00:01:22,Bovie,0,0.948644,"[0.685298, 0.404134, 0.0880497, 0.286314]",2461
83,00:01:23,Bovie,0,0.935757,"[0.688753, 0.416489, 0.0831871, 0.264548]",2496
84,00:01:24,Bovie,0,0.94857,"[0.686899, 0.402132, 0.08429, 0.292626]",2528
85,00:01:25,Bovie,0,0.922928,"[0.689312, 0.413552, 0.0817556, 0.280544]",2578
86,00:01:26,Bovie,0,0.945785,"[0.687569, 0.40129, 0.0825018, 0.296375]",2593
87,00:01:27,Bovie,0,0.953239,"[0.682314, 0.399872, 0.095636, 0.29639]",2626
88,00:01:28,Bovie,0,0.951411,"[0.684632, 0.40361, 0.0894286, 0.290598]",2669
89,00:01:29,Bovie,0,0.951754,"[0.686132, 0.403711, 0.0862902, 0.291903]",2670
90,00:01:30,Bovie,0,0.867903,"[0.702927, 0.392467, 0.0578489, 0.318353]",2706
91,00:01:31,Bovie,0,0.862336,"[0.702229, 0.401815, 0.058336, 0.285353]",2744
92,00:01:32,Bovie,0,0.746262,"[0.695558, 0.427155, 0.0680604, 0.24051]",2773
93,00:01:33,Bovie,0,0.94896,"[0.681845, 0.393833, 0.0940109, 0.311123]",2815
94,00:01:34,Bovie,0,0.864288,"[0.704018, 0.395068, 0.0553544, 0.310623]",2830
95,00:01:35,Bovie,0,0.918233,"[0.691689, 0.41353, 0.0736057, 0.266157]",2879
96,00:01:36,Bovie,0,0.9213,"[0.691109, 0.41444, 0.0745632, 0.267263]",2880
97,00:01:37,Bovie,0,0.808384,"[0.681454, 0.43341, 0.0950131, 0.247259]",2939
98,00:01:38,Bovie,0,0.85062,"[0.681125, 0.433394, 0.0956982, 0.244705]",2945
99,00:01:39,Bovie,0,0.945048,"[0.681685, 0.393292, 0.095536, 0.307879]",2999
100,00:01:40,Bovie,0,0.943857,"[0.684197, 0.392326, 0.091347, 0.314134]",3002
101,00:01:41,Bovie,0,0.953057,"[0.681842, 0.393647, 0.0924493, 0.309792]",3050
105,00:01:45,Bovie,0,0.897938,"[0.670269, 0.439482, 0.112604, 0.21645]",3154
106,00:01:46,Bovie,0,0.946798,"[0.686137, 0.40491, 0.0852786, 0.297019]",3199
107,00:01:47,Bovie,0,0.939576,"[0.685328, 0.410318, 0.090677, 0.285862]",3210
108,00:01:48,Bovie,0,0.947653,"[0.666774, 0.4346, 0.118838, 0.222467]",3260
109,00:01:49,Bovie,0,0.941796,"[0.669591, 0.402394, 0.113292, 0.295241]",3276
110,00:01:50,Frazier,1,0.836495,"[0.678412, 0.484688, 0.0959728, 0.123493]",3320
111,00:01:51,Frazier,1,0.835413,"[0.677194, 0.490723, 0.0977528, 0.118155]",3341
112,00:01:52,Frazier,1,0.863094,"[0.680082, 0.490523, 0.0968323, 0.0993974]",3388
113,00:01:53,Frazier,1,0.836358,"[0.661207, 0.452439, 0.122634, 0.17239]",3415
114,00:01:54,Frazier,1,0.890975,"[0.673246, 0.449121, 0.110182, 0.2038]",3439
115,00:01:55,Frazier,1,0.858549,"[0.710772, 0.442376, 0.0474411, 0.212866]",3472
116,00:01:56,Frazier,1,0.825702,"[0.685128, 0.490092, 0.0886232, 0.0987144]",3483
117,00:01:57,Frazier,1,0.892232,"[0.683296, 0.474417, 0.0932552, 0.141768]",3537
118,00:01:58,Frazier,1,0.909844,"[0.68329, 0.4794, 0.0913506, 0.135232]",3547
119,00:01:59,Frazier,1,0.917258,"[0.697972, 0.464184, 0.0688611, 0.157526]",3586
120,00:02:00,Frazier,1,0.92101,"[0.665392, 0.485969, 0.12614, 0.136093]",3623
121,00:02:01,Frazier,1,0.900162,"[0.689527, 0.467629, 0.080445, 0.159104]",3645
122,00:02:02,Frazier,1,0.923582,"[0.666506, 0.48421, 0.124195, 0.134597]",3670
123,00:02:03,Frazier,1,0.893993,"[0.699489, 0.464765, 0.0640358, 0.158362]",3693
124,00:02:04,Frazier,1,0.889964,"[0.663785, 0.487369, 0.125108, 0.1306]",3720
125,00:02:05,Frazier,1,0.896793,"[0.697747, 0.462977, 0.0689223, 0.162622]",3770
126,00:02:06,Frazier,1,0.890394,"[0.700448, 0.464979, 0.0650664, 0.159734]",3809
127,00:02:07,Frazier,1,0.903177,"[0.69856, 0.465868, 0.0682041, 0.157271]",3813
128,00:02:08,Frazier,1,0.889172,"[0.6831, 0.467861, 0.0905212, 0.159398]",3855
129,00:02:09,Frazier,1,0.894562,"[0.696356, 0.46459, 0.0692995, 0.160688]",3879
130,00:02:10,Frazier,1,0.875538,"[0.682431, 0.471316, 0.0963078, 0.151257]",3900
131,00:02:11,Frazier,1,0.901915,"[0.691455, 0.466778, 0.0744648, 0.156254]",3958
132,00:02:12,Frazier,1,0.902039,"[0.691851, 0.466513, 0.0738676, 0.156848]",3960
133,00:02:13,Frazier,1,0.881141,"[0.679527, 0.478263, 0.102789, 0.147709]",4016
134,00:02:14,Frazier,1,0.896174,"[0.689802, 0.467981, 0.0786614, 0.157244]",4020
135,00:02:15,Frazier,1,0.88535,"[0.696797, 0.463982, 0.0684639, 0.16276]",4053
136,00:02:16,Frazier,1,0.875538,"[0.68118, 0.469563, 0.0954861, 0.164671]",4082
137,00:02:17,Frazier,1,0.890484,"[0.679292, 0.470672, 0.102841, 0.160065]",4125
138,00:02:18,Frazier,1,0.883793,"[0.681785, 0.460311, 0.0925632, 0.172483]",4159
139,00:02:19,Frazier,1,0.896682,"[0.685669, 0.469823, 0.085849, 0.14629]",4174
140,00:02:20,Frazier,1,0.891023,"[0.696656, 0.467653, 0.069747, 0.15567]",4200
141,00:02:21,Frazier,1,0.906024,"[0.670188, 0.466903, 0.116466, 0.167864]",4244
142,00:02:22,Frazier,1,0.876532,"[0.693859, 0.455638, 0.0775171, 0.164772]",4285
143,00:02:23,Frazier,1,0.886288,"[0.689039, 0.46428, 0.0796898, 0.172848]",4290
144,00:02:24,Frazier,1,0.839723,"[0.69087, 0.457338, 0.078746, 0.156659]",4341
145,00:02:25,Frazier,1,0.816377,"[0.695407, 0.466906, 0.0685366, 0.135068]",4354
146,00:02:26,Frazier,1,0.868068,"[0.694071, 0.46045, 0.0743803, 0.14492]",4386
147,00:02:27,Frazier,1,0.864789,"[0.69043, 0.466394, 0.0770414, 0.162582]",4420
148,00:02:28,Frazier,1,0.861455,"[0.694331, 0.463699, 0.0753953, 0.157103]",4440
149,00:02:29,Frazier,1,0.823936,"[0.691648, 0.468027, 0.0758372, 0.139544]",4497
150,00:02:30,Frazier,1,0.822747,"[0.680224, 0.492916, 0.0907974, 0.101423]",4528
151,00:02:31,Frazier,1,0.829688,"[0.679845, 0.493412, 0.0922491, 0.0994905]",4530
152,00:02:32,Frazier,1,0.789534,"[0.681914, 0.496143, 0.0889537, 0.104635]",4560
153,00:02:33,Frazier,1,0.816172,"[0.681424, 0.494892, 0.0906892, 0.101058]",4609
154,00:02:34,Frazier,1,0.755085,"[0.678869, 0.493331, 0.0937622, 0.119005]",4648
155,00:02:35,Frazier,1,0.825355,"[0.678492, 0.49948, 0.0950494, 0.0927595]",4677
169,00:02:49,Forceps,2,0.877143,"[0.687564, 0.464502, 0.0869752, 0.15559]",5084
170,00:02:50,Forceps,2,0.813701,"[0.688194, 0.480818, 0.0824839, 0.130577]",5111
171,00:02:51,Forceps,2,0.771325,"[0.690815, 0.477987, 0.0851879, 0.134267]",5137
172,00:02:52,Forceps,2,0.782924,"[0.692201, 0.478056, 0.0825433, 0.131876]",5186
173,00:02:53,Forceps,2,0.775374,"[0.690894, 0.477961, 0.0851982, 0.132811]",5212
174,00:02:54,Forceps,2,0.766648,"[0.690156, 0.476491, 0.0861909, 0.135229]",5241
175,00:02:55,Forceps,2,0.786724,"[0.689267, 0.476612, 0.0878178, 0.132766]",5271
176,00:02:56,Forceps,2,0.770319,"[0.688945, 0.465892, 0.0839996, 0.155777]",5303
177,00:02:57,Forceps,2,0.888893,"[0.68809, 0.462389, 0.0847576, 0.15977]",5322
178,00:02:58,Forceps,2,0.849764,"[0.680125, 0.445318, 0.0982876, 0.194348]",5347
179,00:02:59,Forceps,2,0.865646,"[0.657696, 0.440022, 0.111225, 0.225022]",5388
183,00:03:03,Frazier,1,0.78385,"[0.646355, 0.465342, 0.10248, 0.103898]",5511
184,00:03:04,Frazier,1,0.789511,"[0.660038, 0.513913, 0.139794, 0.103082]",5526
185,00:03:05,Frazier,1,0.789621,"[0.616332, 0.514984, 0.103554, 0.12455]",5571
186,00:03:06,Frazier,1,0.711783,"[0.678385, 0.507608, 0.0930585, 0.078588]",5604
187,00:03:07,Frazier,1,0.784596,"[0.609721, 0.505568, 0.105833, 0.121214]",5620
188,00:03:08,Frazier,1,0.770625,"[0.676489, 0.470956, 0.0874708, 0.106801]",5665
189,00:03:09,Frazier,1,0.797519,"[0.668801, 0.487538, 0.119044, 0.127969]",5697
190,00:03:10,Frazier,1,0.837657,"[0.674786, 0.485178, 0.108867, 0.126736]",5703
191,00:03:11,Frazier,1,0.820961,"[0.686406, 0.502082, 0.0727888, 0.0910749]",5746
192,00:03:12,Frazier,1,0.8177,"[0.68641, 0.502079, 0.073118, 0.0909726]",5765
193,00:03:13,Frazier,1,0.80702,"[0.684795, 0.494974, 0.0766647, 0.100168]",5798
194,00:03:14,Frazier,1,0.822977,"[0.690135, 0.481853, 0.0808159, 0.114138]",5835
195,00:03:15,Frazier,1,0.789608,"[0.680668, 0.492656, 0.0836114, 0.0955705]",5868
196,00:03:16,Frazier,1,0.7678,"[0.682821, 0.493352, 0.0783695, 0.0985964]",5886
197,00:03:17,Frazier,1,0.883361,"[0.703204, 0.449422, 0.060903, 0.206406]",5926
198,00:03:18,Frazier,1,0.87373,"[0.687179, 0.471195, 0.083864, 0.146781]",5945
199,00:03:19,Frazier,1,0.821884,"[0.699401, 0.464878, 0.0532352, 0.151693]",5975
200,00:03:20,Frazier,1,0.828886,"[0.693884, 0.483963, 0.0673636, 0.116063]",6027
201,00:03:21,Frazier,1,0.849776,"[0.677202, 0.471893, 0.104646, 0.145981]",6055
202,00:03:22,Frazier,1,0.837887,"[0.678736, 0.476215, 0.100377, 0.143294]",6062
203,00:03:23,Frazier,1,0.791486,"[0.681346, 0.476004, 0.0963699, 0.137756]",6101
204,00:03:24,Frazier,1,0.765648,"[0.67694, 0.473213, 0.104813, 0.14403]",6135
205,00:03:25,Frazier,1,0.856675,"[0.688149, 0.461427, 0.0855255, 0.153763]",6158
206,00:03:26,Frazier,1,0.832982,"[0.686112, 0.467549, 0.0923709, 0.138713]",6188
207,00:03:27,Frazier,1,0.849943,"[0.699509, 0.472099, 0.0546959, 0.140862]",6233
208,00:03:28,Frazier,1,0.849296,"[0.696443, 0.441907, 0.0748624, 0.189188]",6269
209,00:03:29,Frazier,1,0.867316,"[0.696645, 0.442997, 0.0750687, 0.187519]",6270
210,00:03:30,Frazier,1,0.806239,"[0.682178, 0.478192, 0.0962304, 0.13195]",6329
211,00:03:31,Frazier,1,0.842267,"[0.683029, 0.477817, 0.0921595, 0.131994]",6345
212,00:03:32,Frazier,1,0.798528,"[0.673779, 0.488844, 0.111435, 0.109005]",6368
213,00:03:33,Frazier,1,0.819849,"[0.679646, 0.468635, 0.100143, 0.149424]",6413
214,00:03:34,Frazier,1,0.843686,"[0.698701, 0.457123, 0.0567327, 0.168925]",6439
215,00:03:35,Frazier,1,0.865878,"[0.685562, 0.479484, 0.0871081, 0.127904]",6466
216,00:03:36,Frazier,1,0.849174,"[0.677194, 0.50702, 0.0967205, 0.0796485]",6505
217,00:03:37,Frazier,1,0.845527,"[0.676732, 0.508197, 0.0983599, 0.0800327]",6510
218,00:03:38,Frazier,1,0.750243,"[0.68558, 0.505535, 0.0785891, 0.0771561]",6550
219,00:03:39,Frazier,1,0.834601,"[0.679296, 0.509643, 0.100506, 0.074641]",6589
220,00:03:40,Frazier,1,0.786205,"[0.678449, 0.503066, 0.0986466, 0.0757007]",6604
221,00:03:41,Frazier,1,0.841233,"[0.67898, 0.508607, 0.0978099, 0.0770091]",6657
222,00:03:42,Frazier,1,0.829918,"[0.676001, 0.50962, 0.0986431, 0.073005]",6661
224,00:03:44,Frazier,1,0.771107,"[0.674853, 0.46821, 0.112986, 0.101184]",6732
225,00:03:45,Frazier,1,0.827794,"[0.683699, 0.486333, 0.0893157, 0.116739]",6778
226,00:03:46,Frazier,1,0.832059,"[0.683735, 0.488593, 0.0887524, 0.113595]",6803
227,00:03:47,Frazier,1,0.800408,"[0.685955, 0.487115, 0.087549, 0.111824]",6810
228,00:03:48,Frazier,1,0.781053,"[0.68366, 0.497359, 0.090036, 0.088642]",6852
229,00:03:49,Frazier,1,0.822694,"[0.673415, 0.511153, 0.108173, 0.0734763]",6896
230,00:03:50,Frazier,1,0.711736,"[0.668038, 0.514101, 0.114073, 0.0664792]",6900
231,00:03:51,Frazier,1,0.716985,"[0.690754, 0.517878, 0.075399, 0.0715656]",6954
232,00:03:52,Frazier,1,0.708481,"[0.680244, 0.520272, 0.0901964, 0.0758066]",6961
233,00:03:53,Frazier,1,0.750453,"[0.674101, 0.499406, 0.104705, 0.0924159]",7018
234,00:03:54,Frazier,1,0.914746,"[0.675983, 0.465724, 0.110651, 0.169456]",7044
235,00:03:55,Frazier,1,0.939916,"[0.689997, 0.464129, 0.0834217, 0.161017]",7060
236,00:03:56,Frazier,1,0.902886,"[0.690995, 0.46618, 0.0811558, 0.15786]",7080
237,00:03:57,Frazier,1,0.908458,"[0.688086, 0.470047, 0.0845474, 0.151943]",7136
238,00:03:58,Frazier,1,0.91501,"[0.688265, 0.470341, 0.0841012, 0.151606]",7158
239,00:03:59,Frazier,1,0.895718,"[0.684671, 0.478136, 0.0888169, 0.137516]",7172
240,00:04:00,Frazier,1,0.905134,"[0.68719, 0.475097, 0.0843224, 0.141358]",7223
241,00:04:01,Frazier,1,0.890928,"[0.687251, 0.473612, 0.0858344, 0.143379]",7230
242,00:04:02,Frazier,1,0.921332,"[0.694004, 0.465301, 0.0750399, 0.156185]",7289
243,00:04:03,Frazier,1,0.925947,"[0.69447, 0.464874, 0.0749178, 0.156889]",7296
244,00:04:04,Frazier,1,0.89089,"[0.680035, 0.488094, 0.0963369, 0.121218]",7345
245,00:04:05,Frazier,1,0.880114,"[0.679452, 0.488113, 0.0958481, 0.11893]",7354
246,00:04:06,Frazier,1,0.870071,"[0.688423, 0.477373, 0.0840115, 0.136465]",7382
247,00:04:07,Frazier,1,0.884187,"[0.680782, 0.494882, 0.0944547, 0.110396]",7418
248,00:04:08,Frazier,1,0.890356,"[0.689102, 0.477248, 0.0808537, 0.138058]",7450
249,00:04:09,Frazier,1,0.935833,"[0.690507, 0.45224, 0.0796825, 0.184389]",7494
250,00:04:10,Frazier,1,0.956334,"[0.695093, 0.446987, 0.0719016, 0.196957]",7518
251,00:04:11,Frazier,1,0.950603,"[0.695826, 0.452538, 0.0704857, 0.183723]",7555
252,00:04:12,Frazier,1,0.951485,"[0.69648, 0.452727, 0.0703646, 0.182919]",7562
253,00:04:13,Frazier,1,0.930819,"[0.685118, 0.461766, 0.0896635, 0.164648]",7599
254,00:04:14,Frazier,1,0.930875,"[0.677203, 0.477947, 0.105402, 0.136883]",7648
255,00:04:15,Frazier,1,0.937127,"[0.693212, 0.450873, 0.0756353, 0.188408]",7672
256,00:04:16,Frazier,1,0.93856,"[0.689888, 0.461468, 0.0838912, 0.162194]",7703
257,00:04:17,Frazier,1,0.943781,"[0.69702, 0.462892, 0.0736443, 0.160076]",7722
258,00:04:18,Frazier,1,0.95562,"[0.694441, 0.450629, 0.0746314, 0.192074]",7753
259,00:04:19,Frazier,1,0.948891,"[0.69309, 0.449122, 0.0754416, 0.191121]",7772
260,00:04:20,Frazier,1,0.916876,"[0.690058, 0.472905, 0.0819538, 0.143257]",7801
261,00:04:21,Frazier,1,0.806659,"[0.676259, 0.511257, 0.108934, 0.0831153]",7844
262,00:04:22,Frazier,1,0.813607,"[0.674656, 0.505342, 0.10774, 0.0786527]",7881
263,00:04:23,Frazier,1,0.801213,"[0.675319, 0.500185, 0.104851, 0.0840615]",7916
264,00:04:24,Frazier,1,0.823406,"[0.676086, 0.506009, 0.104421, 0.0846112]",7924
265,00:04:25,Frazier,1,0.816357,"[0.676693, 0.491327, 0.104591, 0.0987048]",7966
319,00:05:19,Frazier,1,0.703644,"[0.674322, 0.513235, 0.107647, 0.0713527]",9591
320,00:05:20,Frazier,1,0.842936,"[0.662043, 0.490452, 0.120574, 0.122489]",9627
321,00:05:21,Frazier,1,0.853422,"[0.670111, 0.497831, 0.150459, 0.124506]",9643
322,00:05:22,Frazier,1,0.721169,"[0.688312, 0.508713, 0.0801051, 0.0598301]",9660
323,00:05:23,Frazier,1,0.841628,"[0.66863, 0.490529, 0.113057, 0.117476]",9714
324,00:05:24,Frazier,1,0.810094,"[0.668963, 0.493276, 0.115414, 0.115633]",9724
325,00:05:25,Frazier,1,0.79138,"[0.669491, 0.500015, 0.119343, 0.107208]",9756
326,00:05:26,Frazier,1,0.764441,"[0.687123, 0.473018, 0.0804989, 0.18088]",9789
328,00:05:28,Frazier,1,0.773925,"[0.674454, 0.498484, 0.115495, 0.112903]",9862
329,00:05:29,Frazier,1,0.781804,"[0.671784, 0.506122, 0.106693, 0.0959115]",9890
330,00:05:30,Frazier,1,0.793638,"[0.671768, 0.508253, 0.103749, 0.083538]",9922
331,00:05:31,Frazier,1,0.816636,"[0.670914, 0.506706, 0.108472, 0.0828588]",9950
332,00:05:32,Frazier,1,0.787028,"[0.673499, 0.50144, 0.11331, 0.0843131]",9989
333,00:05:33,Frazier,1,0.749445,"[0.676795, 0.507389, 0.104157, 0.077117]",10006
334,00:05:34,Frazier,1,0.750591,"[0.676753, 0.507334, 0.0997133, 0.0898651]",10031
335,00:05:35,Frazier,1,0.739862,"[0.680083, 0.508785, 0.0998637, 0.0757281]",10055
336,00:05:36,Frazier,1,0.792842,"[0.679478, 0.482428, 0.0951256, 0.107378]",10094
363,00:06:03,Frazier,1,0.724809,"[0.687542, 0.477436, 0.0824841, 0.111046]",10915
364,00:06:04,Frazier,1,0.730751,"[0.686402, 0.471933, 0.0848443, 0.124866]",10923
365,00:06:05,Frazier,1,0.811609,"[0.682241, 0.484753, 0.0941097, 0.119335]",10960
366,00:06:06,Frazier,1,0.763395,"[0.681716, 0.485091, 0.0950029, 0.10896]",10980
367,00:06:07,Frazier,1,0.702607,"[0.684813, 0.498693, 0.0821722, 0.0756217]",11021
386,00:06:26,Forceps,2,0.805036,"[0.684185, 0.48176, 0.0852043, 0.12693]",11609
387,00:06:27,Forceps,2,0.876821,"[0.680892, 0.479823, 0.0910812, 0.133909]",11619
388,00:06:28,Forceps,2,0.877914,"[0.672337, 0.47723, 0.106332, 0.138869]",11661
389,00:06:29,Forceps,2,0.737571,"[0.656354, 0.477005, 0.123099, 0.147512]",11686
390,00:06:30,Forceps,2,0.884236,"[0.678019, 0.470339, 0.0967356, 0.142785]",11718
391,00:06:31,Forceps,2,0.870897,"[0.677701, 0.464215, 0.0939095, 0.151062]",11743
422,00:07:02,Frazier,1,0.714179,"[0.665859, 0.498642, 0.119555, 0.0957779]",12689
423,00:07:03,Frazier,1,0.848326,"[0.673762, 0.4881, 0.106171, 0.112201]",12707
424,00:07:04,Frazier,1,0.818329,"[0.671184, 0.505556, 0.11054, 0.0928602]",12730
425,00:07:05,Frazier,1,0.789904,"[0.670339, 0.511992, 0.111479, 0.0877388]",12778
426,00:07:06,Frazier,1,0.888306,"[0.678595, 0.481902, 0.101716, 0.126841]",12802
427,00:07:07,Frazier,1,0.887325,"[0.681352, 0.481568, 0.0972779, 0.120328]",12815
428,00:07:08,Frazier,1,0.848701,"[0.680921, 0.492586, 0.0977991, 0.104859]",12844
429,00:07:09,Frazier,1,0.820306,"[0.673981, 0.505725, 0.107305, 0.0909458]",12876
430,00:07:10,Frazier,1,0.795483,"[0.671889, 0.512613, 0.112867, 0.0881505]",12921
431,00:07:11,Frazier,1,0.787125,"[0.671529, 0.515243, 0.113709, 0.0810087]",12930
432,00:07:12,Frazier,1,0.793667,"[0.672417, 0.515847, 0.110575, 0.0829277]",12975
477,00:07:57,Frazier,1,0.732588,"[0.662985, 0.488205, 0.122135, 0.0459332]",14332
478,00:07:58,Frazier,1,0.737542,"[0.671686, 0.521985, 0.0928455, 0.0779789]",14364
479,00:07:59,Frazier,1,0.713847,"[0.672763, 0.510858, 0.106964, 0.0803511]",14397
480,00:08:00,Frazier,1,0.802622,"[0.672756, 0.501827, 0.101635, 0.0875952]",14408
481,00:08:01,Frazier,1,0.744542,"[0.678172, 0.496448, 0.0905479, 0.100068]",14436
494,00:08:14,Frazier,1,0.734292,"[0.676893, 0.515107, 0.0942989, 0.0757128]",14820
495,00:08:15,Frazier,1,0.740946,"[0.668493, 0.501768, 0.0887218, 0.105669]",14869
496,00:08:16,Frazier,1,0.744299,"[0.669455, 0.501352, 0.0878851, 0.105354]",14907
497,00:08:17,Frazier,1,0.724018,"[0.670772, 0.49911, 0.089654, 0.104363]",14939
498,00:08:18,Frazier,1,0.767704,"[0.670183, 0.5011, 0.0894381, 0.100882]",14951
499,00:08:19,Frazier,1,0.759011,"[0.673155, 0.481925, 0.0998467, 0.0758012]",14977
500,00:08:20,Frazier,1,0.71101,"[0.688069, 0.528373, 0.068589, 0.0557489]",15010
548,00:09:08,Forceps,2,0.749584,"[0.707798, 0.451828, 0.0481994, 0.186477]",16455
549,00:09:09,Forceps,2,0.81608,"[0.69614, 0.44196, 0.0702161, 0.204048]",16494
550,00:09:10,Forceps,2,0.811278,"[0.698624, 0.448117, 0.0636509, 0.195609]",16529
551,00:09:11,Forceps,2,0.817747,"[0.698695, 0.447786, 0.0637955, 0.19565]",16530
552,00:09:12,Forceps,2,0.807302,"[0.694808, 0.447445, 0.0734829, 0.194568]",16585
585,00:09:45,Forceps,2,0.70348,"[0.68138, 0.465346, 0.0935223, 0.180056]",17561
586,00:09:46,Forceps,2,0.759259,"[0.685649, 0.450048, 0.0865866, 0.193218]",17582
587,00:09:47,Forceps,2,0.756246,"[0.684441, 0.464162, 0.0871254, 0.177095]",17639
588,00:09:48,Forceps,2,0.781403,"[0.680616, 0.461197, 0.0894416, 0.173006]",17642
589,00:09:49,Forceps,2,0.797132,"[0.683554, 0.453305, 0.0895397, 0.180865]",17694
590,00:09:50,Forceps,2,0.797175,"[0.679736, 0.468766, 0.0909897, 0.177335]",17726
591,00:09:51,Forceps,2,0.795019,"[0.678304, 0.458519, 0.091599, 0.169266]",17758
592,00:09:52,Forceps,2,0.766757,"[0.677551, 0.464279, 0.0951591, 0.179456]",17760
593,00:09:53,Forceps,2,0.828119,"[0.683589, 0.449156, 0.083976, 0.164204]",17805
594,00:09:54,Forceps,2,0.802129,"[0.679373, 0.46601, 0.0972293, 0.168678]",17845
595,00:09:55,Forceps,2,0.814285,"[0.683596, 0.456704, 0.0863823, 0.155672]",17866
596,00:09:56,Forceps,2,0.826969,"[0.684242, 0.450763, 0.0818089, 0.166197]",17906
597,00:09:57,Forceps,2,0.797954,"[0.683783, 0.454063, 0.0851348, 0.162394]",17915
598,00:09:58,Forceps,2,0.771161,"[0.67759, 0.45075, 0.0911625, 0.183816]",17960
602,00:10:02,Forceps,2,0.883342,"[0.634406, 0.423439, 0.0741968, 0.164564]",18061
603,00:10:03,Forceps,2,0.873445,"[0.671735, 0.471386, 0.106896, 0.140015]",18116
604,00:10:04,Forceps,2,0.835328,"[0.677474, 0.471535, 0.0940802, 0.141855]",18149
605,00:10:05,Forceps,2,0.896451,"[0.68804, 0.459784, 0.0716518, 0.154399]",18176
606,00:10:06,Forceps,2,0.896708,"[0.689708, 0.454975, 0.0703548, 0.156524]",18197
607,00:10:07,Forceps,2,0.858687,"[0.686675, 0.461424, 0.0770395, 0.176771]",18225
608,00:10:08,Forceps,2,0.846878,"[0.69193, 0.461052, 0.0640769, 0.177739]",18244
609,00:10:09,Forceps,2,0.82119,"[0.69617, 0.46185, 0.0566373, 0.180696]",18295
626,00:10:26,Forceps,2,0.893276,"[0.686152, 0.472173, 0.0737987, 0.161587]",18800
627,00:10:27,Forceps,2,0.862144,"[0.67976, 0.467467, 0.0868778, 0.153767]",18829
628,00:10:28,Forceps,2,0.895525,"[0.679727, 0.461642, 0.0854247, 0.176874]",18864
629,00:10:29,Forceps,2,0.889556,"[0.681106, 0.464212, 0.0842698, 0.167502]",18899
630,00:10:30,Forceps,2,0.853496,"[0.680474, 0.464335, 0.0848757, 0.167513]",18901
631,00:10:31,Forceps,2,0.879519,"[0.679254, 0.470504, 0.0881668, 0.15168]",18958
632,00:10:32,Forceps,2,0.880715,"[0.680255, 0.468946, 0.0867676, 0.154714]",18961
636,00:10:36,Forceps,2,0.78976,"[0.658027, 0.508289, 0.104275, 0.114974]",19106
637,00:10:37,Forceps,2,0.833998,"[0.642911, 0.444158, 0.104223, 0.167975]",19130
638,00:10:38,Forceps,2,0.869499,"[0.674444, 0.448863, 0.102226, 0.181489]",19161
639,00:10:39,Forceps,2,0.918826,"[0.68571, 0.467073, 0.0791206, 0.165999]",19189
640,00:10:40,Forceps,2,0.926465,"[0.687365, 0.465142, 0.074025, 0.171382]",19202
641,00:10:41,Forceps,2,0.870008,"[0.691967, 0.468969, 0.0661791, 0.161298]",19235
642,00:10:42,Forceps,2,0.898349,"[0.678864, 0.460571, 0.0903361, 0.165834]",19280
643,00:10:43,Forceps,2,0.833685,"[0.665824, 0.455895, 0.0964102, 0.153635]",19293
647,00:10:47,Frazier,1,0.800487,"[0.66426, 0.478142, 0.11974, 0.129111]",19439
648,00:10:48,Frazier,1,0.81184,"[0.667535, 0.488302, 0.113052, 0.123677]",19453
649,00:10:49,Frazier,1,0.820303,"[0.669109, 0.490115, 0.109246, 0.121319]",19496
650,00:10:50,Frazier,1,0.823406,"[0.671136, 0.486457, 0.105055, 0.115716]",19522
651,00:10:51,Frazier,1,0.8322,"[0.6685, 0.492074, 0.109606, 0.12103]",19556
652,00:10:52,Frazier,1,0.830989,"[0.668414, 0.494904, 0.107899, 0.121992]",19572
653,00:10:53,Frazier,1,0.821269,"[0.666691, 0.492767, 0.110433, 0.120829]",19615
654,00:10:54,Frazier,1,0.827843,"[0.667103, 0.495711, 0.110701, 0.120993]",19635
655,00:10:55,Frazier,1,0.803042,"[0.666569, 0.491803, 0.111665, 0.12208]",19651
656,00:10:56,Frazier,1,0.804736,"[0.669949, 0.49577, 0.108186, 0.120609]",19708
657,00:10:57,Frazier,1,0.845222,"[0.668621, 0.493423, 0.109248, 0.123937]",19714
658,00:10:58,Frazier,1,0.810731,"[0.680343, 0.50676, 0.0859387, 0.0826023]",19751
659,00:10:59,Frazier,1,0.81218,"[0.680125, 0.50398, 0.0842751, 0.0933999]",19786
660,00:11:00,Frazier,1,0.783438,"[0.684412, 0.499899, 0.0753972, 0.0889539]",19805
661,00:11:01,Frazier,1,0.794834,"[0.684808, 0.500184, 0.0761098, 0.0973764]",19850
662,00:11:02,Frazier,1,0.77274,"[0.681366, 0.50311, 0.0840432, 0.0987792]",19875
663,00:11:03,Frazier,1,0.833479,"[0.682333, 0.504226, 0.0778015, 0.0852948]",19913
664,00:11:04,Frazier,1,0.776156,"[0.680753, 0.509067, 0.0843262, 0.0835415]",19924
666,00:11:06,Frazier,1,0.818613,"[0.681229, 0.50684, 0.0856436, 0.0821979]",20001
667,00:11:07,Frazier,1,0.8383,"[0.683484, 0.503441, 0.0772915, 0.0901637]",20021
668,00:11:08,Frazier,1,0.821822,"[0.684341, 0.506073, 0.0741966, 0.082476]",20048
669,00:11:09,Frazier,1,0.783015,"[0.681113, 0.506222, 0.083518, 0.086358]",20072
670,00:11:10,Frazier,1,0.82232,"[0.682269, 0.506608, 0.0768454, 0.0842304]",20116
671,00:11:11,Frazier,1,0.786542,"[0.678344, 0.514812, 0.0836258, 0.0820964]",20131
672,00:11:12,Frazier,1,0.81262,"[0.682746, 0.507426, 0.0765377, 0.0836149]",20179
673,00:11:13,Frazier,1,0.796133,"[0.68343, 0.492957, 0.0822092, 0.105374]",20219
674,00:11:14,Frazier,1,0.822576,"[0.685742, 0.495711, 0.0767991, 0.101893]",20222
675,00:11:15,Frazier,1,0.817952,"[0.686202, 0.500937, 0.0747489, 0.0969959]",20279
676,00:11:16,Frazier,1,0.824529,"[0.685839, 0.500978, 0.0755065, 0.0953277]",20280
677,00:11:17,Frazier,1,0.805354,"[0.681514, 0.499873, 0.084751, 0.109599]",20323
678,00:11:18,Frazier,1,0.837486,"[0.681508, 0.492244, 0.0855742, 0.100847]",20353
679,00:11:19,Frazier,1,0.817034,"[0.682355, 0.505907, 0.0833035, 0.0860678]",20370
738,00:12:18,Frazier,1,0.805359,"[0.658891, 0.489802, 0.105075, 0.0975808]",22165
739,00:12:19,Frazier,1,0.733011,"[0.66515, 0.496738, 0.109762, 0.10666]",22199
740,00:12:20,Frazier,1,0.801054,"[0.664809, 0.489451, 0.107353, 0.117195]",22228
741,00:12:21,Frazier,1,0.787026,"[0.661026, 0.498174, 0.0987993, 0.0953517]",22257
742,00:12:22,Frazier,1,0.784232,"[0.661325, 0.487901, 0.100952, 0.105841]",22267
743,00:12:23,Frazier,1,0.79348,"[0.662854, 0.487878, 0.102577, 0.106946]",22317
744,00:12:24,Frazier,1,0.744066,"[0.662907, 0.488097, 0.103172, 0.111512]",22320
745,00:12:25,Frazier,1,0.804662,"[0.678613, 0.502776, 0.0918562, 0.0948347]",22373
746,00:12:26,Frazier,1,0.81945,"[0.674175, 0.492086, 0.0969299, 0.114496]",22387
747,00:12:27,Forceps,2,0.795787,"[0.666405, 0.469014, 0.090242, 0.123574]",22437
748,00:12:28,Forceps,2,0.789151,"[0.669145, 0.467895, 0.0967161, 0.145095]",22444
749,00:12:29,Forceps,2,0.829664,"[0.67976, 0.461066, 0.0863745, 0.166095]",22474
750,00:12:30,Forceps,2,0.80707,"[0.68049, 0.46513, 0.085672, 0.165948]",22525
751,00:12:31,Forceps,2,0.820724,"[0.67557, 0.469628, 0.0926822, 0.14966]",22538
752,00:12:32,Forceps,2,0.831492,"[0.67424, 0.469743, 0.0934028, 0.142919]",22572
753,00:12:33,Forceps,2,0.831905,"[0.674047, 0.472079, 0.0934479, 0.139504]",22596
754,00:12:34,Forceps,2,0.801731,"[0.665494, 0.464791, 0.0971738, 0.126984]",22623
755,00:12:35,Forceps,2,0.842288,"[0.668631, 0.466141, 0.0931398, 0.138664]",22662
756,00:12:36,Forceps,2,0.854862,"[0.66529, 0.465279, 0.102079, 0.135708]",22690
757,00:12:37,Forceps,2,0.827245,"[0.67449, 0.466971, 0.0934242, 0.143875]",22716
759,00:12:39,Forceps,2,0.796217,"[0.669667, 0.470627, 0.097273, 0.135253]",22787
760,00:12:40,Forceps,2,0.847895,"[0.677624, 0.469475, 0.0891724, 0.138759]",22822
761,00:12:41,Forceps,2,0.837753,"[0.676423, 0.465263, 0.0905769, 0.150671]",22849
762,00:12:42,Forceps,2,0.86106,"[0.68101, 0.468546, 0.085378, 0.168505]",22883
763,00:12:43,Forceps,2,0.859727,"[0.681946, 0.463657, 0.0833403, 0.166958]",22915
764,00:12:44,Forceps,2,0.84472,"[0.68033, 0.454263, 0.0862928, 0.184194]",22942
765,00:12:45,Forceps,2,0.841122,"[0.683092, 0.469225, 0.0808721, 0.160123]",22979
766,00:12:46,Forceps,2,0.848585,"[0.682172, 0.467787, 0.0828232, 0.164484]",22980
781,00:13:01,Frazier,1,0.899791,"[0.672713, 0.475058, 0.0971344, 0.143715]",23441
782,00:13:02,Frazier,1,0.858728,"[0.66908, 0.474188, 0.0991076, 0.150011]",23473
783,00:13:03,Frazier,1,0.863523,"[0.668475, 0.47535, 0.10197, 0.146524]",23503
784,00:13:04,Frazier,1,0.891006,"[0.680601, 0.482604, 0.0897414, 0.126811]",23546
785,00:13:05,Frazier,1,0.861274,"[0.677489, 0.483841, 0.0931408, 0.12753]",23552
786,00:13:06,Frazier,1,0.868516,"[0.675125, 0.473171, 0.0985895, 0.138593]",23608
787,00:13:07,Frazier,1,0.861872,"[0.669167, 0.478673, 0.101425, 0.127403]",23619
788,00:13:08,Frazier,1,0.83243,"[0.66193, 0.484679, 0.113394, 0.125087]",23641
789,00:13:09,Frazier,1,0.852522,"[0.660959, 0.463235, 0.119352, 0.133008]",23671
805,00:13:25,Frazier,1,0.920874,"[0.680158, 0.471295, 0.0889835, 0.151197]",24169
806,00:13:26,Frazier,1,0.8925,"[0.675593, 0.481524, 0.0932121, 0.135659]",24209
807,00:13:27,Frazier,1,0.943712,"[0.681329, 0.463982, 0.0851081, 0.165353]",24237
808,00:13:28,Frazier,1,0.92836,"[0.687316, 0.457792, 0.0724802, 0.172747]",24243
809,00:13:29,Frazier,1,0.942646,"[0.680433, 0.471129, 0.0871719, 0.141261]",24297
810,00:13:30,Frazier,1,0.94195,"[0.67796, 0.47457, 0.0911369, 0.14003]",24305
811,00:13:31,Frazier,1,0.939213,"[0.68634, 0.455018, 0.0742756, 0.180307]",24358
812,00:13:32,Frazier,1,0.946132,"[0.686597, 0.451883, 0.0726045, 0.181921]",24364
813,00:13:33,Frazier,1,0.928412,"[0.691777, 0.457929, 0.0641352, 0.178201]",24419
814,00:13:34,Frazier,1,0.942818,"[0.68758, 0.468938, 0.0717672, 0.148023]",24430
815,00:13:35,Frazier,1,0.91796,"[0.686723, 0.458907, 0.0743584, 0.168397]",24453
816,00:13:36,Frazier,1,0.946284,"[0.680544, 0.473332, 0.0869934, 0.139401]",24500
817,00:13:37,Frazier,1,0.921815,"[0.690191, 0.452249, 0.0657242, 0.18327]",24539
818,00:13:38,Frazier,1,0.934232,"[0.688083, 0.450573, 0.070611, 0.185741]",24551
819,00:13:39,Frazier,1,0.915503,"[0.694657, 0.453321, 0.05728, 0.190915]",24572
820,00:13:40,Frazier,1,0.89578,"[0.697565, 0.45347, 0.0516979, 0.193113]",24601
821,00:13:41,Frazier,1,0.917386,"[0.694945, 0.452974, 0.0578065, 0.189653]",24653
822,00:13:42,Frazier,1,0.909161,"[0.695044, 0.451816, 0.0578492, 0.189691]",24660
823,00:13:43,Frazier,1,0.877554,"[0.686951, 0.463832, 0.0699783, 0.160223]",24707
824,00:13:44,Frazier,1,0.896932,"[0.673261, 0.485149, 0.101605, 0.136383]",24729
825,00:13:45,Frazier,1,0.935539,"[0.673495, 0.459801, 0.0949802, 0.15604]",24769
826,00:13:46,Frazier,1,0.935554,"[0.67025, 0.457255, 0.100833, 0.18167]",24802
827,00:13:47,Frazier,1,0.947942,"[0.674476, 0.45412, 0.0956913, 0.188952]",24814
828,00:13:48,Frazier,1,0.940789,"[0.677545, 0.460339, 0.0938397, 0.165051]",24847
829,00:13:49,Frazier,1,0.906465,"[0.68095, 0.457242, 0.0861776, 0.171741]",24874
830,00:13:50,Frazier,1,0.868094,"[0.678896, 0.46472, 0.0947079, 0.157807]",24913
831,00:13:51,Frazier,1,0.88958,"[0.688535, 0.45487, 0.0729095, 0.190671]",24950
832,00:13:52,Frazier,1,0.747256,"[0.694468, 0.45697, 0.0715733, 0.164279]",24979
834,00:13:54,Frazier,1,0.858217,"[0.68882, 0.460178, 0.068053, 0.177531]",25035
835,00:13:55,Frazier,1,0.780984,"[0.682601, 0.505125, 0.126186, 0.118192]",25073
836,00:13:56,Frazier,1,0.720948,"[0.680335, 0.488444, 0.0950554, 0.118594]",25081
837,00:13:57,Frazier,1,0.899136,"[0.659608, 0.467836, 0.108955, 0.170845]",25139
838,00:13:58,Frazier,1,0.901043,"[0.673682, 0.470514, 0.0949945, 0.154355]",25164
839,00:13:59,Frazier,1,0.900807,"[0.673601, 0.470365, 0.0945164, 0.156922]",25170
840,00:14:00,Frazier,1,0.731522,"[0.637818, 0.434937, 0.0923615, 0.0696752]",25220
841,00:14:01,Frazier,1,0.835113,"[0.664093, 0.512315, 0.110155, 0.103647]",25243
855,00:14:15,Frazier,1,0.753683,"[0.656524, 0.502277, 0.121647, 0.129308]",25675
856,00:14:16,Frazier,1,0.782403,"[0.696613, 0.458406, 0.0682522, 0.160247]",25709
857,00:14:17,Frazier,1,0.830671,"[0.702136, 0.459947, 0.0597849, 0.148383]",25716
858,00:14:18,Frazier,1,0.807046,"[0.672523, 0.495579, 0.0979336, 0.103543]",25755
859,00:14:19,Frazier,1,0.790943,"[0.692197, 0.48757, 0.0757275, 0.098387]",25771
860,00:14:20,Frazier,1,0.714387,"[0.694787, 0.463616, 0.0726391, 0.143441]",25803
861,00:14:21,Frazier,1,0.727829,"[0.68125, 0.488541, 0.0967618, 0.11454]",25840
863,00:14:23,Frazier,1,0.818955,"[0.678503, 0.502258, 0.0873425, 0.086143]",25919
864,00:14:24,Frazier,1,0.81747,"[0.693192, 0.45772, 0.075177, 0.154485]",25929
865,00:14:25,Frazier,1,0.835689,"[0.696134, 0.463606, 0.0694656, 0.154563]",25975
866,00:14:26,Frazier,1,0.815132,"[0.694364, 0.463062, 0.0729202, 0.147953]",25980
867,00:14:27,Frazier,1,0.815638,"[0.694324, 0.458591, 0.0735939, 0.15617]",26014
868,00:14:28,Frazier,1,0.736817,"[0.678572, 0.487337, 0.103106, 0.115118]",26045
871,00:14:31,Frazier,1,0.798268,"[0.687729, 0.465099, 0.0830502, 0.13664]",26153
872,00:14:32,Frazier,1,0.809151,"[0.692841, 0.458584, 0.0767319, 0.146308]",26189
873,00:14:33,Frazier,1,0.806535,"[0.694307, 0.460053, 0.0746813, 0.13924]",26190
874,00:14:34,Frazier,1,0.764587,"[0.691875, 0.46623, 0.078396, 0.136086]",26246
875,00:14:35,Frazier,1,0.750967,"[0.694809, 0.468644, 0.0730461, 0.132507]",26252
876,00:14:36,Frazier,1,0.826594,"[0.697988, 0.453256, 0.0698477, 0.156197]",26285
877,00:14:37,Frazier,1,0.808902,"[0.694104, 0.457274, 0.0757624, 0.15228]",26326
878,00:14:38,Frazier,1,0.818573,"[0.699701, 0.455714, 0.0671518, 0.153055]",26340
931,00:15:31,Frazier,1,0.787203,"[0.679371, 0.479802, 0.0969676, 0.118052]",27941
932,00:15:32,Frazier,1,0.773274,"[0.653879, 0.398204, 0.10624, 0.080858]",27989
933,00:15:33,Frazier,1,0.83435,"[0.664622, 0.424423, 0.102057, 0.0908819]",27994
934,00:15:34,Frazier,1,0.865006,"[0.667758, 0.485458, 0.116432, 0.130587]",28035
935,00:15:35,Frazier,1,0.810669,"[0.67557, 0.493618, 0.103763, 0.115707]",28054
939,00:15:39,Frazier,1,0.70377,"[0.698673, 0.458026, 0.0677303, 0.132]",28170
940,00:15:40,Frazier,1,0.717518,"[0.674191, 0.502527, 0.106449, 0.0930354]",28220
941,00:15:41,Frazier,1,0.758961,"[0.681665, 0.47508, 0.0906633, 0.132739]",28243
942,00:15:42,Frazier,1,0.751123,"[0.669381, 0.506315, 0.11986, 0.0993667]",28287
943,00:15:43,Frazier,1,0.758155,"[0.682285, 0.475785, 0.0910933, 0.130368]",28304
944,00:15:44,Frazier,1,0.73669,"[0.676434, 0.510685, 0.106081, 0.0854562]",28346
945,00:15:45,Frazier,1,0.750679,"[0.674952, 0.489459, 0.104027, 0.117275]",28358
946,00:15:46,Frazier,1,0.767636,"[0.674473, 0.502233, 0.10926, 0.0939331]",28405
947,00:15:47,Frazier,1,0.788895,"[0.688807, 0.486831, 0.076767, 0.111263]",28439
948,00:15:48,Frazier,1,0.792692,"[0.688844, 0.485865, 0.077573, 0.110255]",28440
949,00:15:49,Frazier,1,0.722211,"[0.679098, 0.51263, 0.0965717, 0.0795949]",28488
951,00:15:51,Frazier,1,0.788092,"[0.684905, 0.487909, 0.0855959, 0.105966]",28555
952,00:15:52,Frazier,1,0.781382,"[0.672924, 0.488843, 0.111089, 0.120139]",28572
953,00:15:53,Frazier,1,0.775887,"[0.691159, 0.481012, 0.0770773, 0.111237]",28601
954,00:15:54,Frazier,1,0.821151,"[0.688196, 0.470405, 0.0804217, 0.128167]",28646
955,00:15:55,Frazier,1,0.794465,"[0.683013, 0.483098, 0.0940119, 0.112001]",28654
1018,00:16:58,Frazier,1,0.709026,"[0.663476, 0.502294, 0.127671, 0.100235]",30569
1019,00:16:59,Frazier,1,0.810224,"[0.675213, 0.477035, 0.109685, 0.125062]",30597
1020,00:17:00,Frazier,1,0.798521,"[0.691485, 0.447499, 0.0807191, 0.192263]",30629
1021,00:17:01,Frazier,1,0.826994,"[0.692374, 0.447865, 0.07889, 0.204488]",30644
1022,00:17:02,Frazier,1,0.78622,"[0.692029, 0.45709, 0.0801405, 0.17066]",30660
1023,00:17:03,Frazier,1,0.840123,"[0.698941, 0.460748, 0.0686192, 0.155532]",30707
1024,00:17:04,Frazier,1,0.827248,"[0.687418, 0.483799, 0.084771, 0.112914]",30744
1025,00:17:05,Frazier,1,0.824844,"[0.684939, 0.479503, 0.0902002, 0.116936]",30765
1026,00:17:06,Frazier,1,0.847674,"[0.687162, 0.47881, 0.0851832, 0.121174]",30781
1027,00:17:07,Frazier,1,0.819863,"[0.689409, 0.487282, 0.0820313, 0.106718]",30827
1028,00:17:08,Frazier,1,0.829229,"[0.686606, 0.476328, 0.085072, 0.126779]",30869
1029,00:17:09,Frazier,1,0.816109,"[0.685905, 0.47876, 0.0857552, 0.126943]",30872
1030,00:17:10,Frazier,1,0.841944,"[0.689116, 0.485475, 0.0810984, 0.102624]",30929
1031,00:17:11,Frazier,1,0.842114,"[0.689208, 0.484765, 0.0808334, 0.103142]",30930
1032,00:17:12,Frazier,1,0.755181,"[0.689207, 0.470827, 0.077633, 0.138735]",30971
1033,00:17:13,Frazier,1,0.748283,"[0.694374, 0.469334, 0.0708928, 0.136957]",31005
1034,00:17:14,Frazier,1,0.807845,"[0.699459, 0.459399, 0.0673091, 0.145723]",31025
1035,00:17:15,Frazier,1,0.805071,"[0.687657, 0.46955, 0.0830331, 0.159507]",31079
1036,00:17:16,Frazier,1,0.760197,"[0.693508, 0.46609, 0.0757804, 0.142437]",31090
1050,00:17:30,Microdebrider,3,0.847876,"[0.67632, 0.430183, 0.0979271, 0.252346]",31528
1051,00:17:31,Microdebrider,3,0.85185,"[0.673773, 0.427496, 0.102497, 0.262592]",31530
1052,00:17:32,Microdebrider,3,0.70895,"[0.665029, 0.439435, 0.13736, 0.282076]",31578
1053,00:17:33,Microdebrider,3,0.833922,"[0.657062, 0.458142, 0.138821, 0.185924]",31613
1054,00:17:34,Microdebrider,3,0.89515,"[0.659864, 0.475117, 0.12377, 0.170715]",31648
1055,00:17:35,Microdebrider,3,0.901187,"[0.658387, 0.480452, 0.12561, 0.162724]",31661
1056,00:17:36,Microdebrider,3,0.892632,"[0.660402, 0.486631, 0.116177, 0.157043]",31682
1057,00:17:37,Bovie,0,0.887124,"[0.664172, 0.394933, 0.112501, 0.32042]",31723
1058,00:17:38,Bovie,0,0.876648,"[0.690516, 0.377898, 0.0790794, 0.352317]",31746
1059,00:17:39,Bovie,0,0.88406,"[0.682169, 0.394178, 0.0922941, 0.314623]",31795
1060,00:17:40,Bovie,0,0.896058,"[0.674511, 0.397602, 0.103969, 0.310234]",31819
1061,00:17:41,Bovie,0,0.900848,"[0.674436, 0.396953, 0.101665, 0.311841]",31835
1062,00:17:42,Bovie,0,0.902366,"[0.665825, 0.403122, 0.118189, 0.303977]",31867
1063,00:17:43,Bovie,0,0.884163,"[0.663785, 0.405084, 0.121072, 0.293546]",31896
1064,00:17:44,Bovie,0,0.916911,"[0.666169, 0.40358, 0.111384, 0.302095]",31941
1065,00:17:45,Bovie,0,0.884874,"[0.660589, 0.419764, 0.125947, 0.267969]",31965
1066,00:17:46,Bovie,0,0.868743,"[0.653985, 0.419971, 0.137092, 0.266444]",31992
1067,00:17:47,Bovie,0,0.811412,"[0.663109, 0.417857, 0.122419, 0.27175]",32010
1077,00:17:57,Microdebrider,3,0.903753,"[0.6562, 0.431804, 0.117471, 0.231911]",32338
1078,00:17:58,Microdebrider,3,0.910807,"[0.666903, 0.418867, 0.109641, 0.250655]",32343
1079,00:17:59,Microdebrider,3,0.929324,"[0.677497, 0.417805, 0.0942478, 0.259249]",32371
1080,00:18:00,Microdebrider,3,0.910026,"[0.675522, 0.428941, 0.0944189, 0.23663]",32412
1081,00:18:01,Microdebrider,3,0.837166,"[0.674292, 0.447286, 0.0925153, 0.208204]",32459
1082,00:18:02,Microdebrider,3,0.868382,"[0.656502, 0.439114, 0.121966, 0.216348]",32464
1089,00:18:09,Microdebrider,3,0.868097,"[0.610955, 0.428235, 0.159782, 0.272962]",32699
1090,00:18:10,Microdebrider,3,0.886864,"[0.65181, 0.458076, 0.148117, 0.189159]",32729
1091,00:18:11,Microdebrider,3,0.916203,"[0.656684, 0.451266, 0.139261, 0.206617]",32759
1092,00:18:12,Microdebrider,3,0.919966,"[0.653887, 0.453189, 0.143321, 0.208512]",32788
1093,00:18:13,Microdebrider,3,0.917615,"[0.654498, 0.454019, 0.1436, 0.211446]",32791
1094,00:18:14,Microdebrider,3,0.912836,"[0.654143, 0.456938, 0.142342, 0.20135]",32822
1095,00:18:15,Microdebrider,3,0.904547,"[0.652236, 0.462458, 0.146068, 0.19757]",32878
1096,00:18:16,Microdebrider,3,0.915432,"[0.652605, 0.478034, 0.146961, 0.173453]",32895
1097,00:18:17,Microdebrider,3,0.918504,"[0.652938, 0.481322, 0.147063, 0.168383]",32927
1098,00:18:18,Microdebrider,3,0.913104,"[0.652213, 0.48101, 0.151233, 0.168927]",32946
1099,00:18:19,Microdebrider,3,0.913729,"[0.663419, 0.416597, 0.116637, 0.27868]",32976
1101,00:18:21,Microdebrider,3,0.820615,"[0.695175, 0.438921, 0.0619467, 0.242811]",33055
1102,00:18:22,Microdebrider,3,0.891782,"[0.688545, 0.409814, 0.074362, 0.292358]",33084
1103,00:18:23,Microdebrider,3,0.920974,"[0.689692, 0.410065, 0.0797374, 0.2683]",33119
1104,00:18:24,Microdebrider,3,0.934662,"[0.684837, 0.410729, 0.0886251, 0.269523]",33121
1105,00:18:25,Microdebrider,3,0.90101,"[0.692774, 0.396898, 0.0704508, 0.281158]",33150
1106,00:18:26,Microdebrider,3,0.862788,"[0.691405, 0.408078, 0.0726456, 0.288784]",33207
1107,00:18:27,Microdebrider,3,0.898433,"[0.689199, 0.40648, 0.0750097, 0.288506]",33238
1108,00:18:28,Microdebrider,3,0.898686,"[0.689613, 0.405642, 0.0749153, 0.290727]",33261
1109,00:18:29,Microdebrider,3,0.864945,"[0.693379, 0.405167, 0.0698753, 0.299329]",33298
1110,00:18:30,Microdebrider,3,0.896084,"[0.684711, 0.397273, 0.0847776, 0.306583]",33329
1111,00:18:31,Microdebrider,3,0.925509,"[0.676185, 0.398686, 0.105942, 0.30568]",33336
1114,00:18:34,Frazier,1,0.717453,"[0.664546, 0.492373, 0.11349, 0.123332]",33426
1115,00:18:35,Frazier,1,0.721919,"[0.682417, 0.46226, 0.0913452, 0.15427]",33460
1116,00:18:36,Frazier,1,0.83681,"[0.685563, 0.486182, 0.0842911, 0.112887]",33504
1117,00:18:37,Frazier,1,0.786102,"[0.685309, 0.488625, 0.0846411, 0.111756]",33516
1118,00:18:38,Frazier,1,0.822868,"[0.682977, 0.472285, 0.0869938, 0.12456]",33561
1119,00:18:39,Frazier,1,0.711878,"[0.683425, 0.484229, 0.0887075, 0.115053]",33589
1122,00:18:42,Frazier,1,0.751496,"[0.683115, 0.46933, 0.0877207, 0.169089]",33689
1123,00:18:43,Frazier,1,0.788888,"[0.684231, 0.476674, 0.0863313, 0.130876]",33713
1124,00:18:44,Frazier,1,0.823535,"[0.685434, 0.494666, 0.0862022, 0.104578]",33737
1125,00:18:45,Frazier,1,0.800609,"[0.684459, 0.483063, 0.0874898, 0.115494]",33778
1126,00:18:46,Frazier,1,0.830729,"[0.685162, 0.496385, 0.0869062, 0.103407]",33795
1127,00:18:47,Frazier,1,0.838517,"[0.686703, 0.489059, 0.0832661, 0.116792]",33822
1128,00:18:48,Frazier,1,0.818032,"[0.687562, 0.488459, 0.0814606, 0.117633]",33840
1129,00:18:49,Frazier,1,0.786723,"[0.691954, 0.484115, 0.0827841, 0.109093]",33888
1130,00:18:50,Frazier,1,0.813347,"[0.684507, 0.480045, 0.0863028, 0.124645]",33920
1131,00:18:51,Frazier,1,0.767055,"[0.692754, 0.465241, 0.0776657, 0.156055]",33936
1135,00:18:55,Frazier,1,0.704369,"[0.684069, 0.472958, 0.086121, 0.126991]",34079
1136,00:18:56,Frazier,1,0.808971,"[0.679032, 0.487124, 0.0990765, 0.129198]",34095
1137,00:18:57,Frazier,1,0.790787,"[0.683564, 0.480285, 0.0893478, 0.122375]",34110
1138,00:18:58,Frazier,1,0.714,"[0.686166, 0.47131, 0.083696, 0.132689]",34169
1139,00:18:59,Frazier,1,0.825658,"[0.680107, 0.486781, 0.0963823, 0.116763]",34195
1140,00:19:00,Frazier,1,0.836354,"[0.678663, 0.48523, 0.0998348, 0.120835]",34211
1141,00:19:01,Frazier,1,0.799525,"[0.68185, 0.490844, 0.0926096, 0.120089]",34256
1142,00:19:02,Frazier,1,0.833776,"[0.686523, 0.481645, 0.0842924, 0.123097]",34276
1143,00:19:03,Frazier,1,0.796877,"[0.691661, 0.486693, 0.0792284, 0.169146]",34290
1144,00:19:04,Frazier,1,0.766094,"[0.698231, 0.460853, 0.0735293, 0.130068]",34324
1145,00:19:05,Frazier,1,0.788869,"[0.692451, 0.483685, 0.0784331, 0.164952]",34373
1168,00:19:28,Frazier,1,0.704096,"[0.680474, 0.500299, 0.0888876, 0.105064]",35057
1169,00:19:29,Frazier,1,0.721983,"[0.705813, 0.485921, 0.0525967, 0.152409]",35095
1170,00:19:30,Frazier,1,0.73824,"[0.679305, 0.50941, 0.0893243, 0.0823871]",35107
1171,00:19:31,Frazier,1,0.774011,"[0.696529, 0.446215, 0.0634727, 0.20401]",35152
1172,00:19:32,Frazier,1,0.761172,"[0.685183, 0.473438, 0.0869779, 0.136652]",35160
1174,00:19:34,Frazier,1,0.70023,"[0.673905, 0.488092, 0.103796, 0.128509]",35249
1175,00:19:35,Frazier,1,0.845225,"[0.702549, 0.459527, 0.0579405, 0.157103]",35277
1176,00:19:36,Frazier,1,0.820863,"[0.689127, 0.469126, 0.0765923, 0.149917]",35287
1177,00:19:37,Frazier,1,0.805073,"[0.701242, 0.455598, 0.0590772, 0.205864]",35335
1178,00:19:38,Frazier,1,0.80701,"[0.703126, 0.449086, 0.0570404, 0.202509]",35347
1179,00:19:39,Frazier,1,0.78176,"[0.669238, 0.485476, 0.115987, 0.126439]",35385
1180,00:19:40,Frazier,1,0.752777,"[0.687146, 0.466435, 0.0848799, 0.142192]",35404
1181,00:19:41,Frazier,1,0.800187,"[0.687829, 0.482608, 0.0807465, 0.128269]",35454
1182,00:19:42,Frazier,1,0.790107,"[0.693507, 0.486536, 0.0778606, 0.111485]",35488
1183,00:19:43,Frazier,1,0.791057,"[0.688749, 0.492035, 0.0799467, 0.118222]",35501
1192,00:19:52,Frazier,1,0.746267,"[0.692667, 0.461762, 0.0787388, 0.155456]",35788
1193,00:19:53,Frazier,1,0.755309,"[0.69746, 0.463192, 0.0728189, 0.154855]",35808
1194,00:19:54,Frazier,1,0.776613,"[0.694229, 0.459711, 0.079475, 0.150834]",35840
1195,00:19:55,Frazier,1,0.74841,"[0.660804, 0.456388, 0.115201, 0.150772]",35855
1196,00:19:56,Frazier,1,0.772185,"[0.69694, 0.463087, 0.0737304, 0.155523]",35886
1197,00:19:57,Frazier,1,0.762259,"[0.697479, 0.464658, 0.0734317, 0.14195]",35924
1198,00:19:58,Frazier,1,0.789601,"[0.685542, 0.458208, 0.0863895, 0.172377]",35964
1199,00:19:59,Frazier,1,0.803693,"[0.687425, 0.463147, 0.0836899, 0.161698]",35970
1202,00:20:02,Frazier,1,0.799825,"[0.681945, 0.491536, 0.0943003, 0.134414]",36083
1203,00:20:03,Frazier,1,0.711665,"[0.688762, 0.471588, 0.080876, 0.151183]",36117
1204,00:20:04,Frazier,1,0.788687,"[0.679707, 0.502028, 0.0979985, 0.114166]",36148
1205,00:20:05,Frazier,1,0.775774,"[0.68117, 0.492173, 0.0940464, 0.13038]",36170
1206,00:20:06,Frazier,1,0.708917,"[0.68582, 0.481297, 0.0876358, 0.119188]",36200
1230,00:20:30,Forceps,2,0.893965,"[0.667104, 0.45773, 0.123932, 0.166798]",36925
1231,00:20:31,Forceps,2,0.902841,"[0.67018, 0.457742, 0.120071, 0.170285]",36934
1232,00:20:32,Forceps,2,0.910228,"[0.668929, 0.477109, 0.116621, 0.138956]",36989
1233,00:20:33,Forceps,2,0.896261,"[0.668668, 0.477225, 0.117426, 0.136256]",36990
1234,00:20:34,Forceps,2,0.894385,"[0.673247, 0.460144, 0.113152, 0.166899]",37042
1235,00:20:35,Forceps,2,0.899085,"[0.671478, 0.457213, 0.112673, 0.174807]",37059
1236,00:20:36,Forceps,2,0.878795,"[0.680004, 0.479674, 0.0967953, 0.162525]",37103
1237,00:20:37,Forceps,2,0.886688,"[0.682713, 0.469646, 0.0952452, 0.144893]",37128
1238,00:20:38,Forceps,2,0.900509,"[0.694428, 0.461825, 0.072484, 0.173183]",37157
1239,00:20:39,Forceps,2,0.914886,"[0.686748, 0.461468, 0.0858274, 0.167334]",37191
1240,00:20:40,Forceps,2,0.888909,"[0.693482, 0.453252, 0.0765459, 0.17983]",37222
1241,00:20:41,Forceps,2,0.925575,"[0.695946, 0.454411, 0.0750797, 0.186895]",37241
1242,00:20:42,Forceps,2,0.900184,"[0.700616, 0.458699, 0.0671279, 0.191987]",37286
1243,00:20:43,Forceps,2,0.925178,"[0.696761, 0.454282, 0.0743526, 0.190517]",37302
1244,00:20:44,Forceps,2,0.914244,"[0.692008, 0.456034, 0.0742991, 0.176893]",37323
1245,00:20:45,Forceps,2,0.909467,"[0.68432, 0.458542, 0.0896399, 0.16465]",37352
1246,00:20:46,Forceps,2,0.875326,"[0.674706, 0.448148, 0.0988813, 0.175458]",37404
1247,00:20:47,Forceps,2,0.883405,"[0.651054, 0.416909, 0.121925, 0.183544]",37411
1248,00:20:48,Frazier,1,0.820469,"[0.686762, 0.492932, 0.0816929, 0.10707]",37468
1249,00:20:49,Frazier,1,0.767953,"[0.689028, 0.484563, 0.074654, 0.121288]",37480
1250,00:20:50,Frazier,1,0.814234,"[0.688431, 0.486991, 0.0788326, 0.112964]",37511
1251,00:20:51,Frazier,1,0.781066,"[0.690607, 0.487151, 0.0725862, 0.114045]",37556
1252,00:20:52,Frazier,1,0.845307,"[0.690792, 0.485602, 0.0752918, 0.115725]",37569
1253,00:20:53,Frazier,1,0.797817,"[0.692978, 0.472988, 0.0711945, 0.14902]",37619
1254,00:20:54,Frazier,1,0.826561,"[0.691775, 0.487981, 0.0718187, 0.112092]",37630
1255,00:20:55,Frazier,1,0.77711,"[0.684684, 0.484037, 0.0853383, 0.117401]",37676
1256,00:20:56,Frazier,1,0.819868,"[0.698158, 0.49821, 0.0551873, 0.0974391]",37705
1257,00:20:57,Frazier,1,0.820383,"[0.696958, 0.502459, 0.0582733, 0.0931905]",37734
1258,00:20:58,Frazier,1,0.821645,"[0.695962, 0.499678, 0.0568687, 0.0983402]",37751
1259,00:20:59,Frazier,1,0.824036,"[0.691032, 0.512032, 0.0668432, 0.0762119]",37789
1260,00:21:00,Frazier,1,0.822589,"[0.697154, 0.504864, 0.0597345, 0.0896201]",37815
1261,00:21:01,Frazier,1,0.805788,"[0.688212, 0.487083, 0.0774042, 0.110838]",37848
1262,00:21:02,Frazier,1,0.818263,"[0.696756, 0.504449, 0.0580858, 0.0884358]",37870
1263,00:21:03,Frazier,1,0.80482,"[0.692202, 0.480749, 0.0730271, 0.120874]",37900
1264,00:21:04,Frazier,1,0.785959,"[0.693777, 0.499403, 0.0655489, 0.0908206]",37920
1265,00:21:05,Frazier,1,0.728884,"[0.69684, 0.502147, 0.0593718, 0.0871437]",37977
1266,00:21:06,Frazier,1,0.768105,"[0.700114, 0.490851, 0.0547073, 0.106972]",37998
1267,00:21:07,Frazier,1,0.776843,"[0.693487, 0.487584, 0.0704208, 0.109751]",38026
1268,00:21:08,Frazier,1,0.792884,"[0.690974, 0.485827, 0.0737066, 0.115022]",38048
1269,00:21:09,Frazier,1,0.783918,"[0.686038, 0.489353, 0.0832912, 0.108594]",38099
1270,00:21:10,Frazier,1,0.804954,"[0.697137, 0.493977, 0.0575735, 0.0995356]",38122
1271,00:21:11,Frazier,1,0.809099,"[0.680664, 0.490267, 0.0918504, 0.106066]",38142
1272,00:21:12,Frazier,1,0.764943,"[0.684175, 0.483247, 0.0857504, 0.121921]",38161
1273,00:21:13,Frazier,1,0.781786,"[0.68384, 0.485893, 0.0874997, 0.117543]",38195
1274,00:21:14,Frazier,1,0.812922,"[0.692228, 0.487863, 0.0715612, 0.113312]",38226
1275,00:21:15,Frazier,1,0.832692,"[0.696201, 0.494344, 0.0597106, 0.0971342]",38256
1276,00:21:16,Frazier,1,0.750994,"[0.682955, 0.488551, 0.0892507, 0.110192]",38308
1277,00:21:17,Frazier,1,0.778168,"[0.663487, 0.510878, 0.10326, 0.0795659]",38333
1278,00:21:18,Frazier,1,0.837004,"[0.670518, 0.494769, 0.112413, 0.129645]",38358
1279,00:21:19,Frazier,1,0.835318,"[0.678535, 0.486138, 0.101837, 0.127743]",38370
1280,00:21:20,Frazier,1,0.826073,"[0.695644, 0.504066, 0.0605996, 0.0901926]",38421
1281,00:21:21,Frazier,1,0.817328,"[0.686814, 0.481479, 0.0813204, 0.161048]",38432
1282,00:21:22,Frazier,1,0.797952,"[0.689135, 0.486478, 0.0797949, 0.124602]",38473
1283,00:21:23,Forceps,2,0.85209,"[0.671351, 0.449738, 0.111163, 0.173344]",38517
1284,00:21:24,Forceps,2,0.937178,"[0.685158, 0.475649, 0.0808527, 0.145261]",38549
1285,00:21:25,Forceps,2,0.933122,"[0.684529, 0.476186, 0.0822233, 0.144116]",38551
1286,00:21:26,Forceps,2,0.932916,"[0.68354, 0.475378, 0.0862097, 0.143906]",38591
1287,00:21:27,Forceps,2,0.934157,"[0.685656, 0.464941, 0.0811689, 0.158929]",38627
1288,00:21:28,Forceps,2,0.929213,"[0.689612, 0.468888, 0.0734282, 0.152629]",38641
1289,00:21:29,Forceps,2,0.921475,"[0.687431, 0.463188, 0.0774291, 0.159582]",38699
1290,00:21:30,Forceps,2,0.934595,"[0.686799, 0.473311, 0.0820566, 0.145341]",38725
1291,00:21:31,Forceps,2,0.92879,"[0.685891, 0.475215, 0.0821934, 0.144434]",38730
1292,00:21:32,Forceps,2,0.918302,"[0.686241, 0.466672, 0.0790293, 0.156013]",38769
1293,00:21:33,Forceps,2,0.865412,"[0.67413, 0.445944, 0.0923705, 0.20356]",38793
1295,00:21:35,Frazier,1,0.831968,"[0.675349, 0.47887, 0.112274, 0.114477]",38877
1296,00:21:36,Frazier,1,0.857961,"[0.66746, 0.498508, 0.119594, 0.115556]",38896
1297,00:21:37,Frazier,1,0.842777,"[0.678992, 0.499328, 0.0942228, 0.0950256]",38921
1298,00:21:38,Frazier,1,0.838215,"[0.681585, 0.488226, 0.0898251, 0.111549]",38953
1299,00:21:39,Frazier,1,0.835842,"[0.678743, 0.487274, 0.0967434, 0.110181]",38981
1300,00:21:40,Frazier,1,0.866467,"[0.673136, 0.500572, 0.105806, 0.101108]",39023
1301,00:21:41,Frazier,1,0.846145,"[0.676313, 0.491192, 0.100659, 0.104817]",39030
1302,00:21:42,Frazier,1,0.8556,"[0.675603, 0.488542, 0.105717, 0.117219]",39085
1303,00:21:43,Frazier,1,0.802165,"[0.690105, 0.474923, 0.078046, 0.132627]",39116
1304,00:21:44,Frazier,1,0.799909,"[0.681959, 0.508043, 0.0887945, 0.0795053]",39142
1305,00:21:45,Frazier,1,0.78947,"[0.688729, 0.48237, 0.078522, 0.12305]",39172
1306,00:21:46,Frazier,1,0.807601,"[0.679081, 0.48223, 0.0969116, 0.124624]",39188
1307,00:21:47,Frazier,1,0.783565,"[0.687194, 0.477634, 0.08178, 0.131357]",39225
1308,00:21:48,Frazier,1,0.811571,"[0.687225, 0.485097, 0.0802321, 0.11628]",39265
1309,00:21:49,Frazier,1,0.824144,"[0.685132, 0.482856, 0.0845671, 0.121273]",39272
1310,00:21:50,Frazier,1,0.76636,"[0.679412, 0.502654, 0.0917488, 0.118253]",39328
1311,00:21:51,Frazier,1,0.795799,"[0.686165, 0.484605, 0.0835172, 0.116676]",39342
1312,00:21:52,Frazier,1,0.786479,"[0.686962, 0.473577, 0.081333, 0.140271]",39389
1313,00:21:53,Frazier,1,0.81406,"[0.690245, 0.475288, 0.0749736, 0.135354]",39391
1314,00:21:54,Frazier,1,0.728365,"[0.681138, 0.513374, 0.089425, 0.0744154]",39429
1315,00:21:55,Frazier,1,0.795617,"[0.673344, 0.501266, 0.102726, 0.0952904]",39452
1317,00:21:57,Frazier,1,0.703737,"[0.678334, 0.50513, 0.0945499, 0.0879862]",39519
1318,00:21:58,Frazier,1,0.815062,"[0.696176, 0.48001, 0.0646597, 0.124818]",39567
1319,00:21:59,Frazier,1,0.800498,"[0.689379, 0.474838, 0.075975, 0.141666]",39571
1320,00:22:00,Frazier,1,0.805122,"[0.68472, 0.483281, 0.0859715, 0.121236]",39606
1321,00:22:01,Frazier,1,0.787828,"[0.635943, 0.471056, 0.0985178, 0.111864]",39641
1322,00:22:02,Frazier,1,0.799835,"[0.685822, 0.46934, 0.0838066, 0.145395]",39667
1323,00:22:03,Frazier,1,0.710598,"[0.69605, 0.479458, 0.0701204, 0.118361]",39700
1335,00:22:15,Frazier,1,0.832337,"[0.685919, 0.481339, 0.0827934, 0.135875]",40074
1336,00:22:16,Frazier,1,0.800817,"[0.690069, 0.480393, 0.0784465, 0.141805]",40105
1337,00:22:17,Frazier,1,0.773499,"[0.687643, 0.47022, 0.0828002, 0.14988]",40114
1338,00:22:18,Frazier,1,0.836113,"[0.686907, 0.4859, 0.0808796, 0.129816]",40165
1339,00:22:19,Frazier,1,0.816313,"[0.685703, 0.48133, 0.084301, 0.129944]",40197
1340,00:22:20,Frazier,1,0.762979,"[0.684459, 0.479229, 0.0854658, 0.134374]",40201
1341,00:22:21,Frazier,1,0.772844,"[0.682888, 0.480625, 0.0890509, 0.136295]",40248
1342,00:22:22,Frazier,1,0.729856,"[0.690117, 0.47083, 0.0775758, 0.148324]",40274
1343,00:22:23,Frazier,1,0.909565,"[0.664456, 0.448325, 0.11607, 0.183735]",40318
1344,00:22:24,Frazier,1,0.913931,"[0.670851, 0.463213, 0.112888, 0.166642]",40324
1345,00:22:25,Frazier,1,0.886959,"[0.682752, 0.475791, 0.0841257, 0.13833]",40351
1346,00:22:26,Frazier,1,0.917291,"[0.684822, 0.48151, 0.0829579, 0.127163]",40385
1347,00:22:27,Frazier,1,0.916277,"[0.685161, 0.474076, 0.081072, 0.134779]",40414
1348,00:22:28,Frazier,1,0.899334,"[0.689555, 0.462975, 0.0732225, 0.167795]",40443
1349,00:22:29,Frazier,1,0.883255,"[0.683349, 0.478017, 0.0854647, 0.129972]",40471
1351,00:22:31,Frazier,1,0.918183,"[0.689723, 0.482464, 0.0749743, 0.122113]",40546
1352,00:22:32,Frazier,1,0.929787,"[0.68438, 0.474982, 0.081782, 0.136784]",40589
1353,00:22:33,Frazier,1,0.932274,"[0.684306, 0.475328, 0.0819649, 0.136868]",40594
1354,00:22:34,Frazier,1,0.753908,"[0.672286, 0.492066, 0.102668, 0.113244]",40646
1355,00:22:35,Frazier,1,0.867273,"[0.6997, 0.454041, 0.0600849, 0.193151]",40661
1356,00:22:36,Frazier,1,0.853265,"[0.682369, 0.491217, 0.0846047, 0.105085]",40708
1357,00:22:37,Frazier,1,0.932091,"[0.689637, 0.483111, 0.0727154, 0.1206]",40718
1358,00:22:38,Frazier,1,0.908199,"[0.68311, 0.495352, 0.083946, 0.10705]",40753
1359,00:22:39,Frazier,1,0.872071,"[0.683884, 0.482565, 0.0832865, 0.125267]",40782
1360,00:22:40,Frazier,1,0.790518,"[0.682888, 0.470596, 0.0862662, 0.160117]",40829
1361,00:22:41,Frazier,1,0.874264,"[0.676872, 0.46175, 0.0961697, 0.178028]",40840
1362,00:22:42,Frazier,1,0.941304,"[0.667896, 0.47056, 0.12618, 0.159187]",40885
1363,00:22:43,Frazier,1,0.926912,"[0.671199, 0.475928, 0.119081, 0.15056]",40890
1364,00:22:44,Frazier,1,0.904378,"[0.689568, 0.485196, 0.0751217, 0.121801]",40938
1365,00:22:45,Frazier,1,0.891438,"[0.679649, 0.495766, 0.0953316, 0.109434]",40952
1366,00:22:46,Frazier,1,0.903937,"[0.688709, 0.480489, 0.075915, 0.127214]",40997
1367,00:22:47,Frazier,1,0.896634,"[0.683527, 0.484505, 0.0847245, 0.118626]",41021
1368,00:22:48,Frazier,1,0.904988,"[0.696482, 0.478574, 0.0643903, 0.13284]",41065
1369,00:22:49,Frazier,1,0.917883,"[0.696295, 0.479118, 0.0619038, 0.133166]",41083
1370,00:22:50,Frazier,1,0.89438,"[0.686396, 0.483298, 0.0784313, 0.124984]",41117
1378,00:22:58,Frazier,1,0.905285,"[0.605818, 0.395265, 0.105905, 0.154713]",41369
1379,00:22:59,Frazier,1,0.943763,"[0.608814, 0.442031, 0.104319, 0.151906]",41391
1380,00:23:00,Frazier,1,0.937283,"[0.631932, 0.43693, 0.102582, 0.151856]",41408
1381,00:23:01,Frazier,1,0.912912,"[0.66884, 0.462663, 0.105509, 0.15609]",41441
1382,00:23:02,Frazier,1,0.911944,"[0.674479, 0.464339, 0.100339, 0.16183]",41463
1383,00:23:03,Frazier,1,0.931741,"[0.68574, 0.480257, 0.0831574, 0.126132]",41518
1384,00:23:04,Frazier,1,0.931179,"[0.684731, 0.478305, 0.083659, 0.131388]",41547
1385,00:23:05,Frazier,1,0.935963,"[0.685044, 0.479813, 0.0839975, 0.126254]",41568
1386,00:23:06,Frazier,1,0.932957,"[0.689443, 0.46909, 0.0750552, 0.150371]",41590
1387,00:23:07,Frazier,1,0.913671,"[0.689236, 0.469364, 0.0751996, 0.150148]",41639
1388,00:23:08,Frazier,1,0.941292,"[0.692028, 0.475686, 0.0708285, 0.134828]",41647
1389,00:23:09,Frazier,1,0.926039,"[0.692815, 0.47857, 0.0701805, 0.125927]",41681
1390,00:23:10,Frazier,1,0.900389,"[0.676349, 0.492072, 0.0922927, 0.109322]",41717
1391,00:23:11,Frazier,1,0.874747,"[0.691199, 0.468603, 0.0698843, 0.149306]",41751
1392,00:23:12,Frazier,1,0.886754,"[0.679654, 0.493781, 0.0904764, 0.110169]",41784
1393,00:23:13,Frazier,1,0.902146,"[0.675351, 0.495777, 0.0952978, 0.110096]",41815
1394,00:23:14,Frazier,1,0.861435,"[0.67777, 0.496484, 0.0947998, 0.113379]",41822
1395,00:23:15,Frazier,1,0.875793,"[0.6914, 0.477858, 0.0701098, 0.129518]",41851
1396,00:23:16,Frazier,1,0.921501,"[0.675325, 0.498581, 0.09322, 0.105452]",41903
1397,00:23:17,Frazier,1,0.897312,"[0.676868, 0.494422, 0.092234, 0.110144]",41912
1398,00:23:18,Frazier,1,0.849076,"[0.690842, 0.472533, 0.0699819, 0.139085]",41960
1399,00:23:19,Frazier,1,0.842041,"[0.69163, 0.477316, 0.069692, 0.127167]",41999
1400,00:23:20,Frazier,1,0.874668,"[0.687398, 0.476346, 0.0772564, 0.129406]",42019
1401,00:23:21,Frazier,1,0.919278,"[0.693194, 0.469905, 0.0686594, 0.13625]",42058
1402,00:23:22,Frazier,1,0.922989,"[0.695948, 0.475046, 0.0645185, 0.125933]",42069
1403,00:23:23,Frazier,1,0.861558,"[0.692953, 0.473487, 0.0666185, 0.133583]",42096
1404,00:23:24,Frazier,1,0.850094,"[0.69267, 0.46233, 0.0656513, 0.151191]",42120
1405,00:23:25,Frazier,1,0.882791,"[0.68927, 0.461633, 0.0694481, 0.159561]",42160
1406,00:23:26,Frazier,1,0.870455,"[0.679378, 0.470049, 0.0917806, 0.141836]",42194
1416,00:23:36,Frazier,1,0.797415,"[0.682084, 0.470639, 0.0888711, 0.140139]",42509
1417,00:23:37,Frazier,1,0.862325,"[0.682671, 0.472463, 0.0863405, 0.139598]",42516
1418,00:23:38,Frazier,1,0.85539,"[0.676373, 0.469759, 0.0866362, 0.114193]",42552
1419,00:23:39,Frazier,1,0.777457,"[0.683804, 0.497272, 0.135535, 0.0987359]",42586
1420,00:23:40,Frazier,1,0.780418,"[0.674023, 0.491587, 0.121821, 0.13515]",42603
1426,00:23:46,Frazier,1,0.711282,"[0.684873, 0.516201, 0.135737, 0.0767326]",42809
1427,00:23:47,Frazier,1,0.760005,"[0.686917, 0.494979, 0.0727961, 0.102152]",42827
1428,00:23:48,Frazier,1,0.725842,"[0.675564, 0.501518, 0.101317, 0.108178]",42863
1429,00:23:49,Frazier,1,0.744736,"[0.686805, 0.476507, 0.0748287, 0.141775]",42892
1430,00:23:50,Frazier,1,0.744575,"[0.678987, 0.505961, 0.0942388, 0.0822567]",42906
1431,00:23:51,Frazier,1,0.729703,"[0.689639, 0.504807, 0.0700263, 0.0841244]",42935
1450,00:24:10,Frazier,1,0.877209,"[0.697856, 0.467741, 0.0585913, 0.160868]",43505
1451,00:24:11,Frazier,1,0.883922,"[0.683342, 0.497227, 0.0806561, 0.102553]",43540
1452,00:24:12,Frazier,1,0.904844,"[0.679952, 0.499055, 0.0896555, 0.0994646]",43578
1453,00:24:13,Frazier,1,0.891811,"[0.675606, 0.499049, 0.0926064, 0.101438]",43595
1454,00:24:14,Frazier,1,0.910134,"[0.686467, 0.483713, 0.0789616, 0.120738]",43643
1455,00:24:15,Frazier,1,0.926848,"[0.696544, 0.473996, 0.0639408, 0.133958]",43666
1456,00:24:16,Frazier,1,0.932398,"[0.691738, 0.482522, 0.0732474, 0.121129]",43687
1457,00:24:17,Frazier,1,0.88393,"[0.68211, 0.486147, 0.0829922, 0.119596]",43712
1458,00:24:18,Frazier,1,0.899049,"[0.705175, 0.473816, 0.0555206, 0.11914]",43760
1459,00:24:19,Frazier,1,0.892168,"[0.696349, 0.467156, 0.0619541, 0.14077]",43793
1471,00:24:31,Bovie,0,0.862641,"[0.662547, 0.444486, 0.124376, 0.20291]",44133
1472,00:24:32,Bovie,0,0.786732,"[0.662537, 0.452015, 0.123196, 0.192261]",44173
1473,00:24:33,Bovie,0,0.878764,"[0.6621, 0.430244, 0.124054, 0.23639]",44212
1474,00:24:34,Bovie,0,0.852804,"[0.674335, 0.414686, 0.101062, 0.265625]",44228
1475,00:24:35,Bovie,0,0.872652,"[0.668443, 0.433099, 0.107147, 0.236526]",44263
1476,00:24:36,Bovie,0,0.89854,"[0.676681, 0.422168, 0.0940796, 0.257801]",44283
1493,00:24:53,Frazier,1,0.776783,"[0.680514, 0.490161, 0.0920253, 0.121469]",44796
1494,00:24:54,Frazier,1,0.73083,"[0.686876, 0.472979, 0.0817556, 0.1479]",44841
1495,00:24:55,Frazier,1,0.828475,"[0.680332, 0.492456, 0.096507, 0.096465]",44870
1496,00:24:56,Frazier,1,0.817272,"[0.689183, 0.485154, 0.0728737, 0.111657]",44906
1497,00:24:57,Frazier,1,0.784081,"[0.693743, 0.487478, 0.0650629, 0.109287]",44910
1498,00:24:58,Frazier,1,0.792649,"[0.678798, 0.489996, 0.0931521, 0.101971]",44957
1499,00:24:59,Frazier,1,0.789699,"[0.676957, 0.482411, 0.100217, 0.122239]",44978
1500,00:25:00,Frazier,1,0.806966,"[0.68298, 0.481542, 0.0871669, 0.121836]",45003
1501,00:25:01,Frazier,1,0.819927,"[0.670322, 0.489509, 0.110239, 0.137992]",45052
1502,00:25:02,Frazier,1,0.844649,"[0.67616, 0.486746, 0.100744, 0.10712]",45063
1503,00:25:03,Frazier,1,0.826723,"[0.683082, 0.478765, 0.0874742, 0.130456]",45111
1504,00:25:04,Frazier,1,0.822157,"[0.682301, 0.483566, 0.0858803, 0.134067]",45129
1505,00:25:05,Frazier,1,0.843023,"[0.686296, 0.482778, 0.0800255, 0.137408]",45163
1506,00:25:06,Frazier,1,0.832061,"[0.683094, 0.478136, 0.0868868, 0.128136]",45191
1507,00:25:07,Frazier,1,0.782776,"[0.694566, 0.459225, 0.0634577, 0.182686]",45221
1508,00:25:08,Frazier,1,0.794866,"[0.688288, 0.48378, 0.0777374, 0.107455]",45248
1509,00:25:09,Frazier,1,0.795742,"[0.679043, 0.507855, 0.0991063, 0.0795244]",45274
1510,00:25:10,Frazier,1,0.793308,"[0.682634, 0.484894, 0.0860483, 0.119448]",45321
1511,00:25:11,Frazier,1,0.793899,"[0.677379, 0.488983, 0.0935255, 0.111811]",45351
1512,00:25:12,Frazier,1,0.826841,"[0.681551, 0.502008, 0.0899417, 0.0885732]",45369
1513,00:25:13,Frazier,1,0.824662,"[0.680195, 0.49955, 0.0829919, 0.108083]",45405
1514,00:25:14,Frazier,1,0.816386,"[0.675566, 0.501757, 0.0947639, 0.0917613]",45448
1517,00:25:17,Forceps,2,0.821505,"[0.645988, 0.464869, 0.087618, 0.138063]",45535
1518,00:25:18,Forceps,2,0.855082,"[0.687414, 0.482405, 0.0770107, 0.122397]",45568
1519,00:25:19,Forceps,2,0.875219,"[0.68764, 0.481883, 0.0766322, 0.12763]",45572
1520,00:25:20,Forceps,2,0.855877,"[0.692474, 0.48626, 0.0692064, 0.115227]",45625
1521,00:25:21,Forceps,2,0.848676,"[0.689059, 0.491798, 0.0761705, 0.105195]",45636
1522,00:25:22,Forceps,2,0.838315,"[0.699265, 0.482371, 0.0544529, 0.125723]",45688
1523,00:25:23,Forceps,2,0.863087,"[0.686791, 0.485973, 0.0802132, 0.115758]",45713
1524,00:25:24,Forceps,2,0.906048,"[0.693369, 0.491631, 0.062633, 0.115843]",45746
1525,00:25:25,Forceps,2,0.875687,"[0.691926, 0.492872, 0.0651523, 0.110668]",45750
1526,00:25:26,Forceps,2,0.914384,"[0.688791, 0.493476, 0.0709092, 0.112883]",45801
1527,00:25:27,Forceps,2,0.912676,"[0.689851, 0.48139, 0.0709649, 0.131121]",45814
1528,00:25:28,Forceps,2,0.873772,"[0.687648, 0.490707, 0.0790113, 0.107584]",45845
1529,00:25:29,Forceps,2,0.896042,"[0.701899, 0.485187, 0.0493982, 0.122027]",45893
1530,00:25:30,Forceps,2,0.886741,"[0.698206, 0.48391, 0.057045, 0.124934]",45909
1531,00:25:31,Forceps,2,0.887437,"[0.697286, 0.493328, 0.056152, 0.107739]",45942
1532,00:25:32,Forceps,2,0.819747,"[0.696725, 0.502778, 0.0603522, 0.0941662]",45971
1533,00:25:33,Forceps,2,0.902295,"[0.690376, 0.489932, 0.0714561, 0.114163]",45996
1534,00:25:34,Forceps,2,0.905462,"[0.693916, 0.491048, 0.0634546, 0.109414]",46026
1535,00:25:35,Forceps,2,0.909395,"[0.693173, 0.491769, 0.0668514, 0.105566]",46051
1563,00:26:03,Frazier,1,0.710142,"[0.6733, 0.524921, 0.0969954, 0.0738193]",46918
1564,00:26:04,Frazier,1,0.767688,"[0.674051, 0.519735, 0.0971943, 0.0781196]",46922
1565,00:26:05,Frazier,1,0.758764,"[0.673855, 0.500472, 0.106949, 0.120814]",46967
1566,00:26:06,Frazier,1,0.808172,"[0.683709, 0.502294, 0.0821616, 0.092435]",47008
1567,00:26:07,Frazier,1,0.77042,"[0.656309, 0.48651, 0.113103, 0.138481]",47037
1568,00:26:08,Frazier,1,0.77718,"[0.675163, 0.489722, 0.104961, 0.10894]",47047
1569,00:26:09,Frazier,1,0.827882,"[0.674347, 0.489108, 0.104891, 0.118764]",47090
1570,00:26:10,Frazier,1,0.845024,"[0.673368, 0.489052, 0.107917, 0.123144]",47108
1571,00:26:11,Frazier,1,0.822151,"[0.66636, 0.47177, 0.121409, 0.147689]",47130
1580,00:26:20,Frazier,1,0.787512,"[0.668065, 0.487601, 0.114277, 0.126507]",47411
1581,00:26:21,Frazier,1,0.849965,"[0.667258, 0.489645, 0.11857, 0.121534]",47442
1582,00:26:22,Frazier,1,0.773098,"[0.689464, 0.486155, 0.0785403, 0.119874]",47488
1583,00:26:23,Frazier,1,0.771335,"[0.683977, 0.489438, 0.0877542, 0.104837]",47495
1584,00:26:24,Frazier,1,0.800007,"[0.675326, 0.490562, 0.106794, 0.113475]",47529
1585,00:26:25,Frazier,1,0.774099,"[0.680116, 0.484524, 0.0981697, 0.118481]",47575
1586,00:26:26,Frazier,1,0.805823,"[0.669283, 0.495188, 0.113801, 0.11695]",47608
1587,00:26:27,Frazier,1,0.813494,"[0.670532, 0.491402, 0.114538, 0.127187]",47613
1588,00:26:28,Frazier,1,0.796244,"[0.673766, 0.491203, 0.107498, 0.123848]",47669
1589,00:26:29,Frazier,1,0.825272,"[0.672564, 0.486153, 0.107818, 0.133884]",47671
1590,00:26:30,Frazier,1,0.80045,"[0.67087, 0.495728, 0.11545, 0.110921]",47717
1591,00:26:31,Frazier,1,0.803079,"[0.676756, 0.484164, 0.102072, 0.121393]",47749
1592,00:26:32,Frazier,1,0.779386,"[0.676776, 0.487353, 0.104358, 0.115124]",47761
1593,00:26:33,Frazier,1,0.878113,"[0.668298, 0.4993, 0.0899918, 0.12737]",47802
1618,00:26:58,Forceps,2,0.79026,"[0.683061, 0.471081, 0.0895643, 0.143652]",48565
1619,00:26:59,Forceps,2,0.8455,"[0.675887, 0.45228, 0.101462, 0.184113]",48577
1620,00:27:00,Forceps,2,0.898937,"[0.680243, 0.465095, 0.0951622, 0.157643]",48627
1621,00:27:01,Forceps,2,0.898204,"[0.681468, 0.475049, 0.0936813, 0.15458]",48648
1622,00:27:02,Forceps,2,0.895129,"[0.679203, 0.45095, 0.093284, 0.186701]",48683
1644,00:27:24,Frazier,1,0.877506,"[0.661048, 0.461092, 0.116372, 0.163444]",49349
1645,00:27:25,Frazier,1,0.913497,"[0.667925, 0.467435, 0.117893, 0.155812]",49358
1646,00:27:26,Frazier,1,0.889534,"[0.677107, 0.471502, 0.0993394, 0.155137]",49380
1647,00:27:27,Frazier,1,0.895457,"[0.683544, 0.479424, 0.0892361, 0.130492]",49415
1648,00:27:28,Frazier,1,0.808846,"[0.684574, 0.468355, 0.0868601, 0.151221]",49441
1659,00:27:39,Frazier,1,0.764937,"[0.67899, 0.474973, 0.102825, 0.122453]",49798
1660,00:27:40,Frazier,1,0.726953,"[0.678203, 0.473636, 0.104215, 0.124124]",49800
1661,00:27:41,Frazier,1,0.801483,"[0.680931, 0.481549, 0.0981304, 0.116341]",49855
1662,00:27:42,Frazier,1,0.766548,"[0.680644, 0.48299, 0.0986546, 0.11776]",49861
1663,00:27:43,Frazier,1,0.748086,"[0.689146, 0.49094, 0.0795637, 0.0937364]",49895
1664,00:27:44,Frazier,1,0.777782,"[0.694435, 0.486121, 0.0670906, 0.0973728]",49947
1665,00:27:45,Frazier,1,0.784233,"[0.682886, 0.464799, 0.0949465, 0.139163]",49976
1666,00:27:46,Frazier,1,0.795923,"[0.693088, 0.452737, 0.0772669, 0.152744]",49986
1667,00:27:47,Frazier,1,0.776363,"[0.694105, 0.455181, 0.0777601, 0.136556]",50018
1668,00:27:48,Frazier,1,0.736118,"[0.697936, 0.453423, 0.0732177, 0.152129]",50066
1669,00:27:49,Frazier,1,0.755216,"[0.697593, 0.447074, 0.0745404, 0.162761]",50095
1691,00:28:11,Frazier,1,0.812972,"[0.667917, 0.50598, 0.120021, 0.0800745]",50755
1692,00:28:12,Frazier,1,0.818638,"[0.674743, 0.505764, 0.110356, 0.0881639]",50776
1693,00:28:13,Frazier,1,0.767836,"[0.668172, 0.51239, 0.11754, 0.0795837]",50810
1694,00:28:14,Frazier,1,0.787542,"[0.670452, 0.508554, 0.114781, 0.0800319]",50832
1695,00:28:15,Frazier,1,0.890012,"[0.663758, 0.464965, 0.117115, 0.15545]",50875
1696,00:28:16,Frazier,1,0.898287,"[0.664253, 0.464567, 0.117131, 0.163002]",50883
1697,00:28:17,Frazier,1,0.899845,"[0.663133, 0.467989, 0.115448, 0.15272]",50914
1698,00:28:18,Frazier,1,0.877107,"[0.670613, 0.480656, 0.122651, 0.145521]",50945
1699,00:28:19,Frazier,1,0.799162,"[0.682129, 0.475941, 0.0963783, 0.126211]",50999
1700,00:28:20,Frazier,1,0.884472,"[0.683651, 0.477093, 0.0899351, 0.128444]",51026
1701,00:28:21,Frazier,1,0.879684,"[0.684307, 0.476792, 0.0912109, 0.12061]",51034
1702,00:28:22,Frazier,1,0.86894,"[0.684286, 0.474587, 0.088604, 0.149975]",51066
1703,00:28:23,Frazier,1,0.845185,"[0.680633, 0.47869, 0.104281, 0.13888]",51090
1704,00:28:24,Frazier,1,0.863001,"[0.664277, 0.480682, 0.110568, 0.137474]",51143
1705,00:28:25,Frazier,1,0.792074,"[0.665655, 0.474664, 0.109066, 0.162639]",51151
1706,00:28:26,Frazier,1,0.815711,"[0.666698, 0.465995, 0.107268, 0.175198]",51187
1707,00:28:27,Frazier,1,0.804098,"[0.681511, 0.466917, 0.0916871, 0.162014]",51217
1708,00:28:28,Frazier,1,0.812588,"[0.688682, 0.462101, 0.0871332, 0.141665]",51241
1709,00:28:29,Frazier,1,0.833929,"[0.691453, 0.460524, 0.0828522, 0.12645]",51285
1710,00:28:30,Frazier,1,0.868837,"[0.692788, 0.466382, 0.069664, 0.157706]",51326
1711,00:28:31,Frazier,1,0.906018,"[0.691689, 0.466724, 0.0752712, 0.156855]",51335
1712,00:28:32,Frazier,1,0.913695,"[0.693132, 0.463896, 0.0725771, 0.162481]",51385
1713,00:28:33,Frazier,1,0.886159,"[0.690252, 0.466927, 0.0801928, 0.155811]",51390
1714,00:28:34,Frazier,1,0.839891,"[0.693469, 0.467345, 0.0695511, 0.15464]",51444
1715,00:28:35,Frazier,1,0.820178,"[0.687688, 0.477635, 0.0831646, 0.139081]",51457
1716,00:28:36,Frazier,1,0.902494,"[0.689569, 0.477367, 0.0792763, 0.140752]",51498
1717,00:28:37,Frazier,1,0.846953,"[0.701716, 0.461021, 0.0568062, 0.1748]",51534
1718,00:28:38,Frazier,1,0.901346,"[0.68747, 0.474235, 0.0841034, 0.147839]",51569
1719,00:28:39,Frazier,1,0.913375,"[0.687605, 0.47615, 0.0826351, 0.142381]",51570
1720,00:28:40,Frazier,1,0.876798,"[0.689597, 0.461616, 0.0733444, 0.162419]",51610
1721,00:28:41,Frazier,1,0.903387,"[0.689036, 0.467847, 0.0787666, 0.158758]",51637
1722,00:28:42,Frazier,1,0.9183,"[0.673169, 0.468308, 0.101722, 0.158455]",51676
1732,00:28:52,Frazier,1,0.909237,"[0.669067, 0.462271, 0.126651, 0.173256]",51986
1733,00:28:53,Frazier,1,0.893289,"[0.673222, 0.470239, 0.120417, 0.161647]",51990
1734,00:28:54,Frazier,1,0.898497,"[0.688079, 0.465687, 0.0819867, 0.160176]",52043
1735,00:28:55,Frazier,1,0.835015,"[0.695636, 0.467145, 0.0668184, 0.153362]",52066
1736,00:28:56,Frazier,1,0.918628,"[0.685618, 0.465314, 0.0860878, 0.158163]",52101
1737,00:28:57,Frazier,1,0.876344,"[0.692672, 0.471563, 0.0727844, 0.144929]",52112
1738,00:28:58,Frazier,1,0.848587,"[0.689258, 0.470999, 0.0785203, 0.147633]",52164
1739,00:28:59,Frazier,1,0.824196,"[0.686955, 0.474794, 0.0817455, 0.144928]",52170
1740,00:29:00,Frazier,1,0.851039,"[0.693697, 0.474935, 0.0729126, 0.141735]",52216
1741,00:29:01,Frazier,1,0.880083,"[0.6968, 0.462733, 0.0669538, 0.151007]",52255
1742,00:29:02,Frazier,1,0.89725,"[0.667657, 0.478544, 0.119599, 0.140053]",52269
1743,00:29:03,Frazier,1,0.894966,"[0.682439, 0.464915, 0.0930805, 0.162466]",52315
1744,00:29:04,Frazier,1,0.861105,"[0.669849, 0.484367, 0.121022, 0.141916]",52322
1745,00:29:05,Frazier,1,0.907704,"[0.68288, 0.474783, 0.093998, 0.142242]",52365
1746,00:29:06,Frazier,1,0.862955,"[0.690843, 0.464161, 0.075595, 0.163437]",52409
1747,00:29:07,Frazier,1,0.876071,"[0.685645, 0.466949, 0.0842362, 0.155755]",52413
1748,00:29:08,Frazier,1,0.831729,"[0.705427, 0.468547, 0.0504461, 0.180789]",52467
1749,00:29:09,Frazier,1,0.868981,"[0.697766, 0.466134, 0.0618444, 0.157562]",52485
1750,00:29:10,Frazier,1,0.858263,"[0.684264, 0.480035, 0.0862138, 0.112469]",52501
1751,00:29:11,Frazier,1,0.811489,"[0.688454, 0.458922, 0.0823028, 0.133333]",52531
1752,00:29:12,Frazier,1,0.776847,"[0.690996, 0.454852, 0.0810176, 0.14199]",52574
1753,00:29:13,Frazier,1,0.773369,"[0.706986, 0.465146, 0.0475692, 0.181349]",52590
1754,00:29:14,Frazier,1,0.71814,"[0.711075, 0.461415, 0.0412683, 0.188927]",52634
1755,00:29:15,Frazier,1,0.770656,"[0.708478, 0.463667, 0.0463871, 0.18152]",52676
1756,00:29:16,Frazier,1,0.842,"[0.701525, 0.469114, 0.0577162, 0.167275]",52703
1757,00:29:17,Frazier,1,0.842639,"[0.703706, 0.445956, 0.0544098, 0.183132]",52734
1758,00:29:18,Frazier,1,0.876454,"[0.694476, 0.455938, 0.0666704, 0.188643]",52769
1759,00:29:19,Frazier,1,0.853155,"[0.693279, 0.47058, 0.0715031, 0.149557]",52790
1760,00:29:20,Frazier,1,0.912094,"[0.692469, 0.459596, 0.0719456, 0.177391]",52810
1761,00:29:21,Frazier,1,0.895583,"[0.695529, 0.47453, 0.0711237, 0.141272]",52848
1762,00:29:22,Frazier,1,0.842331,"[0.707126, 0.465094, 0.0524965, 0.154139]",52867
1763,00:29:23,Frazier,1,0.822692,"[0.70829, 0.469936, 0.0491957, 0.138978]",52906
1764,00:29:24,Frazier,1,0.796451,"[0.709296, 0.473014, 0.0477771, 0.140249]",52932
1765,00:29:25,Frazier,1,0.80728,"[0.710015, 0.471664, 0.0467407, 0.136429]",52969
1766,00:29:26,Frazier,1,0.879839,"[0.703946, 0.463239, 0.0531364, 0.147917]",52998
1767,00:29:27,Frazier,1,0.915549,"[0.697137, 0.451472, 0.0614199, 0.19023]",53037
1768,00:29:28,Frazier,1,0.909959,"[0.694583, 0.455039, 0.0643683, 0.18797]",53051
1769,00:29:29,Frazier,1,0.889726,"[0.697043, 0.447055, 0.0631025, 0.191045]",53096
1770,00:29:30,Frazier,1,0.883842,"[0.692688, 0.447295, 0.0664377, 0.20959]",53114
1771,00:29:31,Frazier,1,0.905214,"[0.704104, 0.440267, 0.0517998, 0.198192]",53157
1772,00:29:32,Frazier,1,0.897242,"[0.706457, 0.442557, 0.0465754, 0.201639]",53167
1773,00:29:33,Frazier,1,0.903298,"[0.69955, 0.454973, 0.057439, 0.192583]",53201
1774,00:29:34,Frazier,1,0.91184,"[0.689977, 0.456963, 0.0750221, 0.189177]",53225
1775,00:29:35,Frazier,1,0.911866,"[0.687038, 0.467936, 0.0817431, 0.153438]",53270
1776,00:29:36,Frazier,1,0.897481,"[0.682541, 0.480078, 0.0931098, 0.139492]",53290
1777,00:29:37,Frazier,1,0.911637,"[0.681616, 0.481994, 0.0954975, 0.136636]",53324
1778,00:29:38,Frazier,1,0.911792,"[0.673913, 0.467742, 0.105473, 0.167647]",53360
1779,00:29:39,Frazier,1,0.921463,"[0.688829, 0.463787, 0.0780342, 0.16377]",53381
1780,00:29:40,Frazier,1,0.923872,"[0.690206, 0.47367, 0.0769324, 0.141614]",53422
1781,00:29:41,Frazier,1,0.922794,"[0.689812, 0.473509, 0.0783392, 0.143843]",53438
1787,00:29:47,Frazier,1,0.776275,"[0.55118, 0.405524, 0.114306, 0.141064]",53628
1788,00:29:48,Frazier,1,0.73971,"[0.559916, 0.436893, 0.118518, 0.264681]",53643
1789,00:29:49,Frazier,1,0.852099,"[0.670769, 0.478117, 0.111778, 0.130686]",53694
1790,00:29:50,Frazier,1,0.819211,"[0.687458, 0.467596, 0.082262, 0.139113]",53728
1791,00:29:51,Frazier,1,0.887351,"[0.68756, 0.467962, 0.0849162, 0.139037]",53733
1792,00:29:52,Frazier,1,0.85451,"[0.681124, 0.484206, 0.0962561, 0.121282]",53773
1793,00:29:53,Frazier,1,0.808939,"[0.683312, 0.476931, 0.08978, 0.116632]",53790
